Leader,Follower,Time,Colony,ColonySize,Date
BX-,B-X,12.42,DI-316,122,4.9.2013
BX-,XO-,12.44,DI-316,122,4.9.2013
BX-,WX-,12.45,DI-316,122,4.9.2013
YY-, --Y,12.49,DI-316,122,4.9.2013
OO-, -Y-,12.49,DI-316,122,4.9.2013
 -BB,YX-,12.49,DI-316,122,4.9.2013
YY-, -Y-,12.49,DI-316,122,4.9.2013
BX-,O-O,12.5,DI-316,122,4.9.2013
OO-,XGG,12.5,DI-316,122,4.9.2013
YY-,WX-,12.5,DI-316,122,4.9.2013
 -BB, -XG,12.5,DI-316,122,4.9.2013
 --G,X-B,12.5,DI-316,122,4.9.2013
O-O,WXX,12.51,DI-316,122,4.9.2013
O-O, -XY,12.51,DI-316,122,4.9.2013
WW-,WWW,12.52,DI-316,122,4.9.2013
 -BB,XGX,12.52,DI-316,122,4.9.2013
XXS,XOX,12.53,DI-316,122,4.9.2013
OO-,SXS,12.53,DI-316,122,4.9.2013
 -XO,XX-,12.54,DI-316,122,4.9.2013
BB-,WX-,12.54,DI-316,122,4.9.2013
 -BB, --G,12.54,DI-316,122,4.9.2013
YY-, -OO,12.55,DI-316,122,4.9.2013
O-O,XBX,12.55,DI-316,122,4.9.2013
 -BB, -X-,12.55,DI-316,122,4.9.2013
WW-,SXX,12.56,DI-316,122,4.9.2013
G--, -XG,12.56,DI-316,122,4.9.2013
W--,X-W,12.56,DI-316,122,4.9.2013
XXB,BBB,12.56,DI-316,122,4.9.2013
Y--, --O,12.56,DI-316,122,4.9.2013
 -XS,XW-,12.56,DI-316,122,4.9.2013
OO-,XY-,12.57,DI-316,122,4.9.2013
 -GG,BBX,12.57,DI-316,122,4.9.2013
 --W,XSS,12.57,DI-316,122,4.9.2013
WW-,XXY,12.57,DI-316,122,4.9.2013
SX-, -XY,12.57,DI-316,122,4.9.2013
XXB, --R,12.57,DI-316,122,4.9.2013
G--, -S-,12.57,DI-316,122,4.9.2013
 --Y,XWX,12.58,DI-316,122,4.9.2013
WWW,GGX,12.58,DI-316,122,4.9.2013
OOO, -SS,12.58,DI-316,122,4.9.2013
W--,XWW,12.58,DI-316,122,4.9.2013
O-O,GG-,12.59,DI-316,122,4.9.2013
OO-,S-S,12.59,DI-316,122,4.9.2013
 -XB,X-O,12.59,DI-316,122,4.9.2013
G--,XYX,12.59,DI-316,122,4.9.2013
 -XO,BXB,12.59,DI-316,122,4.9.2013
 -XB,YYX,12.59,DI-316,122,4.9.2013
XXB, --X,12.59,DI-316,122,4.9.2013
GG-, -SX,12.59,DI-316,122,4.9.2013
OOO,S-S,12.59,DI-316,122,4.9.2013
 -BB,G-X,12.59,DI-316,122,4.9.2013
BB-,XX-,13,DI-316,122,4.9.2013
WW-,O-X,13,DI-316,122,4.9.2013
OOO,W-W,13,DI-316,122,4.9.2013
WWW,XXW,13,DI-316,122,4.9.2013
OO-,WWX,13,DI-316,122,4.9.2013
 --G, -XW,13,DI-316,122,4.9.2013
 --G, -GX,13.01,DI-316,122,4.9.2013
O-O,O--,13.01,DI-316,122,4.9.2013
 --Y, -OX,13.01,DI-316,122,4.9.2013
 -XS,YYY,13.01,DI-316,122,4.9.2013
OOO,Y-Y,13.01,DI-316,122,4.9.2013
Y--,SSX,13.01,DI-316,122,4.9.2013
 -XB,OXX,13.01,DI-316,122,4.9.2013
XXB,XXG,13.01,DI-316,122,4.9.2013
WW-,XO-,13.01,DI-316,122,4.9.2013
OO-, -GG,13.02,DI-316,122,4.9.2013
OOO, --B,13.02,DI-316,122,4.9.2013
SS-,X--,13.02,DI-316,122,4.9.2013
 --G,XY-,13.02,DI-316,122,4.9.2013
 --Y,X-X,13.02,DI-316,122,4.9.2013
X--,BXX,13.03,DI-316,122,4.9.2013
WWW,XBB,13.03,DI-316,122,4.9.2013
Y--,B--,13.03,DI-316,122,4.9.2013
X-B, -WW,13.03,DI-316,122,4.9.2013
XSS,W-X,13.03,DI-316,122,4.9.2013
W-X, --S,13.04,DI-316,122,4.9.2013
G--,XXO,13.09,DI-316,122,4.9.2013
WW-,XB-,13.11,DI-316,122,4.9.2013
OO-,O-O,13.13,DI-316,122,4.9.2013
SX-,S-X,13.13,DI-316,122,4.9.2013
 --X,XXX,16.14,DI-317,82,5.9.2013
 --X, -SS,16.17,DI-317,82,5.9.2013
 --X,Y--,16.18,DI-317,82,5.9.2013
B-B,XXX,16.19,DI-317,82,5.9.2013
 --X,BB-,16.2,DI-317,82,5.9.2013
 -SS,SSS,16.21,DI-317,82,5.9.2013
 --X, --G,16.22,DI-317,82,5.9.2013
B-B,X--,16.23,DI-317,82,5.9.2013
Y--, -S-,16.23,DI-317,82,5.9.2013
 --X,X-X,16.23,DI-317,82,5.9.2013
B-B,O--,16.25,DI-317,82,5.9.2013
Y--, --R,16.25,DI-317,82,5.9.2013
 --X,BB-,16.25,DI-317,82,5.9.2013
Y--, --Y,16.26,DI-317,82,5.9.2013
 -S-,GGG,16.26,DI-317,82,5.9.2013
B-B,X-B,16.26,DI-317,82,5.9.2013
 --X,Y-Y,16.27,DI-317,82,5.9.2013
Y--,OO-,16.27,DI-317,82,5.9.2013
 -X-,XBX,16.27,DI-317,82,5.9.2013
B-B, --O,16.28,DI-317,82,5.9.2013
 -X-, -Y-,16.29,DI-317,82,5.9.2013
 --X, --W,16.29,DI-317,82,5.9.2013
B-B,WW-,16.29,DI-317,82,5.9.2013
 -SS,SXX,16.29,DI-317,82,5.9.2013
X-X,X--,16.3,DI-317,82,5.9.2013
Y--,S-S,16.3,DI-317,82,5.9.2013
 -X-,XSX,16.3,DI-317,82,5.9.2013
 -S-,XSS,16.3,DI-317,82,5.9.2013
 -SS,W--,16.31,DI-317,82,5.9.2013
 -X-,X-B,16.31,DI-317,82,5.9.2013
B-B,GG-,16.31,DI-317,82,5.9.2013
X-X, -O-,16.31,DI-317,82,5.9.2013
 --X,W-W,16.32,DI-317,82,5.9.2013
 -S-, -XG,16.33,DI-317,82,5.9.2013
SS-,X-S,16.33,DI-317,82,5.9.2013
 -SS, -G-,16.33,DI-317,82,5.9.2013
 -X-, --G,16.34,DI-317,82,5.9.2013
S-S,G-G,16.34,DI-317,82,5.9.2013
B-B,XX-,16.34,DI-317,82,5.9.2013
 -S-,G--,16.34,DI-317,82,5.9.2013
SS-,XXB,16.34,DI-317,82,5.9.2013
 --X,SXS,16.34,DI-317,82,5.9.2013
 -X-,BXB,16.34,DI-317,82,5.9.2013
 -SS, -SX,16.34,DI-317,82,5.9.2013
X-X,BBB,16.34,DI-317,82,5.9.2013
B-B,X-S,16.35,DI-317,82,5.9.2013
 -S-, -BX,16.35,DI-317,82,5.9.2013
 -S-,BXX,16.35,DI-317,82,5.9.2013
SS-, -XS,16.36,DI-317,82,5.9.2013
Y--, -XX,16.36,DI-317,82,5.9.2013
XXX,YY-,16.37,DI-317,82,5.9.2013
B-B, -YY,16.37,DI-317,82,5.9.2013
XXX, -XB,16.37,DI-317,82,5.9.2013
Y--, -W-,16.37,DI-317,82,5.9.2013
Y--,XG-,16.37,DI-317,82,5.9.2013
 -X-,S-X,16.37,DI-317,82,5.9.2013
B-B, -GG,16.37,DI-317,82,5.9.2013
X-X,XBB,16.38,DI-317,82,5.9.2013
X--,XBX,16.38,DI-317,82,5.9.2013
 -X-,SX-,16.38,DI-317,82,5.9.2013
 -SX,XB-,16.38,DI-317,82,5.9.2013
 -SS, -B-,16.38,DI-317,82,5.9.2013
X-X, --B,16.38,DI-317,82,5.9.2013
 --X,W-W,16.38,DI-317,82,5.9.2013
 -SS,BX-,16.38,DI-317,82,5.9.2013
SS-,XS-,16.38,DI-317,82,5.9.2013
Y--,XX-,16.39,DI-317,82,5.9.2013
X-X,BBX,16.39,DI-317,82,5.9.2013
 -SX,S-X,16.39,DI-317,82,5.9.2013
 -G-, -BB,16.39,DI-317,82,5.9.2013
X--, -WW,16.39,DI-317,82,5.9.2013
BBB,YYY,16.4,DI-317,82,5.9.2013
 -X-,WW-,16.41,DI-317,82,5.9.2013
 -BB,B-X,16.41,DI-317,82,5.9.2013
 -SX,GGG,16.43,DI-317,82,5.9.2013
 -X-, --S,16.43,DI-317,82,5.9.2013
Y--,WW-,16.47,DI-317,82,5.9.2013
B-B, -SS,16.53,DI-317,82,5.9.2013
B-B,XXS,16.57,DI-317,82,5.9.2013
 -SS,SSS,16.58,DI-317,82,5.9.2013
 -BX,OXX,16.26,DI-319,139,11.9.2013
 -BX,X-B,16.27,DI-319,139,11.9.2013
BBS,OOX,16.27,DI-319,139,11.9.2013
 -BX, -XS,16.27,DI-319,139,11.9.2013
BBS,XXW,16.27,DI-319,139,11.9.2013
 -BX,GXX,16.27,DI-319,139,11.9.2013
BBS,XXS,16.28,DI-319,139,11.9.2013
 -BX,WW-,16.28,DI-319,139,11.9.2013
BBS,XXB,16.28,DI-319,139,11.9.2013
 -BX,OOO,16.29,DI-319,139,11.9.2013
BBS,WWW,16.29,DI-319,139,11.9.2013
 -BX,XWX,16.29,DI-319,139,11.9.2013
XXW,BBX,16.29,DI-319,139,11.9.2013
 -XX,XSS,16.29,DI-319,139,11.9.2013
BSS,BSB,16.29,DI-319,139,11.9.2013
 -BX,SX-,16.3,DI-319,139,11.9.2013
BBS, -GX,16.3,DI-319,139,11.9.2013
 -XX,G-X,16.3,DI-319,139,11.9.2013
BBX,S-G,16.3,DI-319,139,11.9.2013
BSS,XY-,16.3,DI-319,139,11.9.2013
 -BX,YYX,16.31,DI-319,139,11.9.2013
 -SB, --R,16.31,DI-319,139,11.9.2013
 -XX, -GG,16.31,DI-319,139,11.9.2013
O-X,XSX,16.31,DI-319,139,11.9.2013
BBS,BB-,16.31,DI-319,139,11.9.2013
WW-,WWX,16.31,DI-319,139,11.9.2013
BSS,BXX,16.31,DI-319,139,11.9.2013
 -BX,SB-,16.31,DI-319,139,11.9.2013
 -SB,SXS,16.31,DI-319,139,11.9.2013
 -XX,SSB,16.32,DI-319,139,11.9.2013
 -BX,OOX,16.32,DI-319,139,11.9.2013
 -SB,X-X,16.32,DI-319,139,11.9.2013
W-X, --G,16.32,DI-319,139,11.9.2013
WW-,XXX,16.32,DI-319,139,11.9.2013
 -BX,BS-,16.32,DI-319,139,11.9.2013
BSS,XS-,16.32,DI-319,139,11.9.2013
XXW,W-W,16.32,DI-319,139,11.9.2013
 -BX,SBB,16.33,DI-319,139,11.9.2013
W-X,X-B,16.33,DI-319,139,11.9.2013
 -SB,XB-,16.33,DI-319,139,11.9.2013
WW-,X--,16.33,DI-319,139,11.9.2013
 -XX, -X-,16.33,DI-319,139,11.9.2013
XSS,XB-,16.33,DI-319,139,11.9.2013
 -BX,XOX,16.33,DI-319,139,11.9.2013
BSS,SSG,16.33,DI-319,139,11.9.2013
XXW, -XO,16.33,DI-319,139,11.9.2013
 -SB,Y--,16.33,DI-319,139,11.9.2013
BBS, -XG,16.33,DI-319,139,11.9.2013
WW-, -XB,16.33,DI-319,139,11.9.2013
BBS,BXX,16.33,DI-319,139,11.9.2013
 -XX, -SX,16.34,DI-319,139,11.9.2013
WW-,B-S,16.34,DI-319,139,11.9.2013
 -SB,SBB,16.34,DI-319,139,11.9.2013
XSS,SSG,16.34,DI-319,139,11.9.2013
WW-,XOO,16.34,DI-319,139,11.9.2013
BSS, -SS,16.34,DI-319,139,11.9.2013
GX-,GGG,16.34,DI-319,139,11.9.2013
 -XX,OO-,16.34,DI-319,139,11.9.2013
WXX, -Y-,16.34,DI-319,139,11.9.2013
GX-,WXW,16.35,DI-319,139,11.9.2013
XSS,YX-,16.35,DI-319,139,11.9.2013
BSS,OX-,16.35,DI-319,139,11.9.2013
WXX,OXO,16.36,DI-319,139,11.9.2013
BBS,SSX,16.36,DI-319,139,11.9.2013
GX-,XBB,16.36,DI-319,139,11.9.2013
WW-,SSS,16.36,DI-319,139,11.9.2013
GX-,BBX,16.36,DI-319,139,11.9.2013
O-X,X-X,16.36,DI-319,139,11.9.2013
W-X,SBS,16.36,DI-319,139,11.9.2013
 -XX,YY-,16.36,DI-319,139,11.9.2013
 -GG, -B-,16.36,DI-319,139,11.9.2013
BSS,Y--,16.36,DI-319,139,11.9.2013
WW-,XWW,16.37,DI-319,139,11.9.2013
 -SB,SXX,16.37,DI-319,139,11.9.2013
WXX,GXG,16.38,DI-319,139,11.9.2013
 -SB, --Y,16.38,DI-319,139,11.9.2013
XSS,W-X,16.38,DI-319,139,11.9.2013
BSB,XGX,16.38,DI-319,139,11.9.2013
 -XX, --S,16.38,DI-319,139,11.9.2013
BBS, --B,16.38,DI-319,139,11.9.2013
WW-, -O-,16.39,DI-319,139,11.9.2013
 -SB,WX-,16.39,DI-319,139,11.9.2013
GX-,W--,16.4,DI-319,139,11.9.2013
WW-,XGG,16.4,DI-319,139,11.9.2013
Y--,SSS,16.41,DI-319,139,11.9.2013
 -SB,SB-,16.41,DI-319,139,11.9.2013
BBS,BX-,16.41,DI-319,139,11.9.2013
 -XX, -XW,16.41,DI-319,139,11.9.2013
X-G,GGX,16.42,DI-319,139,11.9.2013
Y--, --X,16.42,DI-319,139,11.9.2013
BBS,BXB,16.42,DI-319,139,11.9.2013
 -SB,X-X,16.43,DI-319,139,11.9.2013
 -XX, -G-,16.43,DI-319,139,11.9.2013
 -SS, -OX,16.44,DI-319,139,11.9.2013
 -SS, B--,16.52,DI-319,139,11.9.2013
 -SB, -XW,16.52,DI-319,139,11.9.2013
SS-,X-X,13.22,DI-320,133,13.9.2013
SS-,WWW,13.23,DI-320,133,13.9.2013
SS-, -O-,13.25,DI-320,133,13.9.2013
O-O, -XW,13.26,DI-320,133,13.9.2013
SS-,XG-,13.26,DI-320,133,13.9.2013
XSX, -SS,13.27,DI-320,133,13.9.2013
O-O,XWW,13.27,DI-320,133,13.9.2013
SS-, -OO,13.27,DI-320,133,13.9.2013
SS-,X-G,13.28,DI-320,133,13.9.2013
SS-,XBB,13.28,DI-320,133,13.9.2013
SS-,XO-,13.29,DI-320,133,13.9.2013
O-O,YY-,13.29,DI-320,133,13.9.2013
SS-, --S,13.3,DI-320,133,13.9.2013
XSX,OOX,13.3,DI-320,133,13.9.2013
SS-,BS-,13.3,DI-320,133,13.9.2013
O-O,SBB,13.3,DI-320,133,13.9.2013
SSX, --B,13.31,DI-320,133,13.9.2013
 -O-,WX-,13.31,DI-320,133,13.9.2013
 --Y,S-X,13.31,DI-320,133,13.9.2013
SS-,OX-,13.32,DI-320,133,13.9.2013
 --Y,X-Y,13.32,DI-320,133,13.9.2013
 -SS,SSB,13.32,DI-320,133,13.9.2013
SS-,GGG,13.32,DI-320,133,13.9.2013
 --Y, -Y-,13.33,DI-320,133,13.9.2013
XSX,XXW,13.33,DI-320,133,13.9.2013
WWW, -SB,13.33,DI-320,133,13.9.2013
XXO,XB-,13.33,DI-320,133,13.9.2013
O-O,X-X,13.33,DI-320,133,13.9.2013
XXS,XXB,13.33,DI-320,133,13.9.2013
 -OX,G-X,13.34,DI-320,133,13.9.2013
 -SS,B--,13.34,DI-320,133,13.9.2013
SSX,GGX,13.34,DI-320,133,13.9.2013
XXO,SBS,13.34,DI-320,133,13.9.2013
O-O,OXX,13.34,DI-320,133,13.9.2013
SS-, -W-,13.34,DI-320,133,13.9.2013
XXS,XOO,13.34,DI-320,133,13.9.2013
 -SS,YX-,13.35,DI-320,133,13.9.2013
X-G,Y-Y,13.35,DI-320,133,13.9.2013
XG-, -YX,13.35,DI-320,133,13.9.2013
XXO,BB-,13.36,DI-320,133,13.9.2013
 --G, -WX,13.36,DI-320,133,13.9.2013
XXS,XX-,13.36,DI-320,133,13.9.2013
XG-, -GX,13.36,DI-320,133,13.9.2013
 -OX,BBS,13.36,DI-320,133,13.9.2013
 -SS,XW-,13.36,DI-320,133,13.9.2013
SSX, -BX,13.36,DI-320,133,13.9.2013
O-O, -XO,13.37,DI-320,133,13.9.2013
SS-,XSS,13.37,DI-320,133,13.9.2013
SSX,GG-,13.37,DI-320,133,13.9.2013
X-G,O--,13.38,DI-320,133,13.9.2013
XXS,S-B,13.38,DI-320,133,13.9.2013
XSX,OOO,13.38,DI-320,133,13.9.2013
XX-,XGG,13.38,DI-320,133,13.9.2013
XG-, --R,13.38,DI-320,133,13.9.2013
 --Y,YXX,13.38,DI-320,133,13.9.2013
 -SS,Y--,13.38,DI-320,133,13.9.2013
XSX,X-S,13.38,DI-320,133,13.9.2013
 --Y,X-B,13.38,DI-320,133,13.9.2013
 -SS,XX-,13.39,DI-320,133,13.9.2013
XXS,SXS,13.39,DI-320,133,13.9.2013
XXO,XOX,13.39,DI-320,133,13.9.2013
WWW,B-X,13.39,DI-320,133,13.9.2013
 -XS, -WW,13.39,DI-320,133,13.9.2013
X-G,X-W,13.39,DI-320,133,13.9.2013
XSX, -XG,13.4,DI-320,133,13.9.2013
SS-,BXB,13.4,DI-320,133,13.9.2013
 --Y,YYX,13.4,DI-320,133,13.9.2013
XG-,GXX,13.4,DI-320,133,13.9.2013
 -SS,SB-,13.4,DI-320,133,13.9.2013
 -W-,WWX,13.4,DI-320,133,13.9.2013
SS-, -BS,13.41,DI-320,133,13.9.2013
 -SS,W-W,13.41,DI-320,133,13.9.2013
XXO,XY-,13.41,DI-320,133,13.9.2013
XXS,Y-X,13.41,DI-320,133,13.9.2013
 -SS,XY-,13.41,DI-320,133,13.9.2013
 -W-, -XY,13.41,DI-320,133,13.9.2013
 -SS,O-X,13.41,DI-320,133,13.9.2013
SSS,YX-,13.41,DI-320,133,13.9.2013
XXS,G-G,13.42,DI-320,133,13.9.2013
SSX,WXW,13.42,DI-320,133,13.9.2013
WWW,W-X,13.42,DI-320,133,13.9.2013
 -SS,XGX,13.42,DI-320,133,13.9.2013
SS-, -XX,13.42,DI-320,133,13.9.2013
 -XS, -B-,13.42,DI-320,133,13.9.2013
 --Y,SX-,13.42,DI-320,133,13.9.2013
SS-,BBX,13.43,DI-320,133,13.9.2013
XS-, -Y-,13.43,DI-320,133,13.9.2013
XG-,BXX,13.43,DI-320,133,13.9.2013
XXS,B-S,13.44,DI-320,133,13.9.2013
XSX,XXG,13.44,DI-320,133,13.9.2013
 -OX,BX-,13.44,DI-320,133,13.9.2013
SS-, -GG,13.44,DI-320,133,13.9.2013
SSX,WW-,13.45,DI-320,133,13.9.2013
 --Y, -YX,13.46,DI-320,133,13.9.2013
 -OX,WXX,13.46,DI-320,133,13.9.2013
SS-,S--,13.46,DI-320,133,13.9.2013
XXO,S-S,13.47,DI-320,133,13.9.2013
SS-,W--,13.48,DI-320,133,13.9.2013
SS-,XXX,14.01,DI-320,133,13.9.2013
SS-,B-B,14.06,DI-320,133,13.9.2013
SS-,YYY,14.13,DI-320,133,13.9.2013
SS-,X--,14.14,DI-320,133,13.9.2013
SS-,BBB,14.18,DI-320,133,13.9.2013
SS-,S--,14.38,DI-320,133,13.9.2013
Y--,OO-,8.46,DI-322,105,14.9.2013
 -GG, --B,8.46,DI-322,105,14.9.2013
 -GG,YYX,8.47,DI-322,105,14.9.2013
Y--, -SX,8.47,DI-322,105,14.9.2013
 -GG, -YX,8.48,DI-322,105,14.9.2013
Y--,BB-,8.48,DI-322,105,14.9.2013
OO-,GGX,8.48,DI-322,105,14.9.2013
Y--,S-S,8.48,DI-322,105,14.9.2013
 -GG,WW-,8.48,DI-322,105,14.9.2013
 -GG, -YY,8.49,DI-322,105,14.9.2013
 -GG,SX-,8.49,DI-322,105,14.9.2013
Y--,X-O,8.5,DI-322,105,14.9.2013
Y--, --R,8.51,DI-322,105,14.9.2013
 -GG,X-B,8.51,DI-322,105,14.9.2013
X-S,SSS,8.51,DI-322,105,14.9.2013
 -GG,O-O,8.51,DI-322,105,14.9.2013
 -GG, -X-,8.52,DI-322,105,14.9.2013
GGG,G-G,8.52,DI-322,105,14.9.2013
SX-,G--,8.52,DI-322,105,14.9.2013
 --B,S-X,8.53,DI-322,105,14.9.2013
Y--,SS-,8.53,DI-322,105,14.9.2013
O-O, -OO,8.53,DI-322,105,14.9.2013
SX-,XBB,8.54,DI-322,105,14.9.2013
OO-, -GX,8.54,DI-322,105,14.9.2013
 -BB, -XB,8.55,DI-322,105,14.9.2013
GG-,WWW,8.55,DI-322,105,14.9.2013
OO-,W--,8.55,DI-322,105,14.9.2013
GG-,XX-,8.55,DI-322,105,14.9.2013
S-X,Y-X,8.55,DI-322,105,14.9.2013
BB-,Y-Y,8.56,DI-322,105,14.9.2013
B--, -BX,8.56,DI-322,105,14.9.2013
 -XX, -XG,8.56,DI-322,105,14.9.2013
SSS,YX-,8.56,DI-322,105,14.9.2013
GGG,XXG,8.57,DI-322,105,14.9.2013
 -X-, -S-,8.57,DI-322,105,14.9.2013
G-G,BBB,8.57,DI-322,105,14.9.2013
 -GG,XY-,8.57,DI-322,105,14.9.2013
 -X-,XSX,8.57,DI-322,105,14.9.2013
 -BB,SSX,8.58,DI-322,105,14.9.2013
X-B,XG-,8.58,DI-322,105,14.9.2013
 -GG,XXY,8.58,DI-322,105,14.9.2013
 -X-, --Y,8.58,DI-322,105,14.9.2013
GG-,GXG,8.58,DI-322,105,14.9.2013
 -OO,YXX,8.58,DI-322,105,14.9.2013
GG-,BXX,8.58,DI-322,105,14.9.2013
 -XX, --O,8.58,DI-322,105,14.9.2013
 -XB,XS-,8.58,DI-322,105,14.9.2013
WWW,XGG,8.59,DI-322,105,14.9.2013
 --B,GXX,8.59,DI-322,105,14.9.2013
XX-,G-X,9,DI-322,105,14.9.2013
 -XX, -XS,9,DI-322,105,14.9.2013
 -XB,BBX,9,DI-322,105,14.9.2013
 -BX,YY-,9,DI-322,105,14.9.2013
G-G,X-Y,9,DI-322,105,14.9.2013
Y--,XB-,9,DI-322,105,14.9.2013
 -XB,O--,9,DI-322,105,14.9.2013
 -X-,XXO,9,DI-322,105,14.9.2013
X-S,SXS,9,DI-322,105,14.9.2013
GG-,W-W,9,DI-322,105,14.9.2013
X-B,XO-,9,DI-322,105,14.9.2013
Y--,XXS,9,DI-322,105,14.9.2013
 -BB, -WW,9,DI-322,105,14.9.2013
G-G,XOO,9.01,DI-322,105,14.9.2013
G--,XBX,9.01,DI-322,105,14.9.2013
SX-,X-Y,9.01,DI-322,105,14.9.2013
 -BB,GX-,9.01,DI-322,105,14.9.2013
 -XG,XGX,9.01,DI-322,105,14.9.2013
 -XB, -XO,9.02,DI-322,105,14.9.2013
BXX,XYY,9.02,DI-322,105,14.9.2013
SSS, -G-,9.02,DI-322,105,14.9.2013
GG-,XOX,9.02,DI-322,105,14.9.2013
 -X-, --S,9.02,DI-322,105,14.9.2013
 -XX, --G,9.03,DI-322,105,14.9.2013
Y--,B-X,9.03,DI-322,105,14.9.2013
BXX, --W,9.03,DI-322,105,14.9.2013
 --B,XXB,9.03,DI-322,105,14.9.2013
B--,XO-,9.03,DI-322,105,14.9.2013
 -XB,XGG,9.03,DI-322,105,14.9.2013
SSX, -W-,9.03,DI-322,105,14.9.2013
 -XX,S--,9.03,DI-322,105,14.9.2013
GGG,BXB,9.04,DI-322,105,14.9.2013
 -YY,B-B,9.06,DI-322,105,14.9.2013
Y--, -Y-,9.09,DI-322,105,14.9.2013
S-S,XSS,9.12,DI-322,105,14.9.2013
S-- ,W-W,11.48,DI-325,192,20.9.2013
YYY,XW-,11.48,DI-325,192,20.9.2013
B-X,S-X,11.51,DI-325,192,20.9.2013
B-X,XG-,11.54,DI-325,192,20.9.2013
YYY,WX-,11.54,DI-325,192,20.9.2013
G--,YSS,11.54,DI-325,192,20.9.2013
G--,Y-X,11.55,DI-325,192,20.9.2013
YYY,GGS,11.56,DI-325,192,20.9.2013
B-X,S-B,11.56,DI-325,192,20.9.2013
 -XS,YX-,11.57,DI-325,192,20.9.2013
YY-,XXB,11.58,DI-325,192,20.9.2013
S-- ,S-W,11.58,DI-325,192,20.9.2013
B-X,O-O,11.58,DI-325,192,20.9.2013
 -XS,OSO,11.58,DI-325,192,20.9.2013
B-X, --R,11.58,DI-325,192,20.9.2013
G--, --X,11.59,DI-325,192,20.9.2013
B-X,BS-,11.59,DI-325,192,20.9.2013
 -XS,SSX,11.59,DI-325,192,20.9.2013
S-- , -BG,11.59,DI-325,192,20.9.2013
B-X,WW-,12,DI-325,192,20.9.2013
B-X,GSS,12.01,DI-325,192,20.9.2013
S-- ,BBS,12.01,DI-325,192,20.9.2013
B-X,G-X,12.01,DI-325,192,20.9.2013
 -XS,S-Y,12.02,DI-325,192,20.9.2013
SXS,BGG,12.02,DI-325,192,20.9.2013
GGG, -BS,12.02,DI-325,192,20.9.2013
G--, -XX,12.03,DI-325,192,20.9.2013
BBB,GXX,12.03,DI-325,192,20.9.2013
 -XS,SOS,12.03,DI-325,192,20.9.2013
S-- ,O-S,12.03,DI-325,192,20.9.2013
SXS,SXX,12.03,DI-325,192,20.9.2013
SXS,S-S,12.03,DI-325,192,20.9.2013
G--,WXX,12.04,DI-325,192,20.9.2013
GGG,OOO,12.04,DI-325,192,20.9.2013
YYY, -XB,12.04,DI-325,192,20.9.2013
 -XS,BG-,12.04,DI-325,192,20.9.2013
B-X,SSS,12.04,DI-325,192,20.9.2013
BB-,SB-,12.04,DI-325,192,20.9.2013
SXS, -SY,12.05,DI-325,192,20.9.2013
GGG,XSX,12.05,DI-325,192,20.9.2013
G--,XXX,12.05,DI-325,192,20.9.2013
B-X,W-X,12.05,DI-325,192,20.9.2013
BBB, -YY,12.05,DI-325,192,20.9.2013
 -XS, --Y,12.06,DI-325,192,20.9.2013
SXS, -XG,12.06,DI-325,192,20.9.2013
G--, --G,12.06,DI-325,192,20.9.2013
BB-,XXO,12.06,DI-325,192,20.9.2013
SSX, -BX,12.07,DI-325,192,20.9.2013
GGG, -SB,12.07,DI-325,192,20.9.2013
BBB,B-G,12.07,DI-325,192,20.9.2013
GG-,XYX,12.07,DI-325,192,20.9.2013
G--,XWX,12.07,DI-325,192,20.9.2013
B-X,BXX,12.07,DI-325,192,20.9.2013
GGG,X-S,12.08,DI-325,192,20.9.2013
SXS,B-S,12.08,DI-325,192,20.9.2013
 --B,SSB,12.08,DI-325,192,20.9.2013
GGG,XGG,12.09,DI-325,192,20.9.2013
G--,G-B,12.09,DI-325,192,20.9.2013
BB-,B--,12.09,DI-325,192,20.9.2013
B-X,WSS,12.09,DI-325,192,20.9.2013
YY-,YXX,12.1,DI-325,192,20.9.2013
SXS,GGX,12.1,DI-325,192,20.9.2013
 -XS,XXB,12.1,DI-325,192,20.9.2013
W--,XXG,12.1,DI-325,192,20.9.2013
SSX, -OO,12.11,DI-325,192,20.9.2013
 -XS,XWW,12.11,DI-325,192,20.9.2013
GGG, --S,12.11,DI-325,192,20.9.2013
GG-,SO-,12.11,DI-325,192,20.9.2013
OOO,OXX,12.11,DI-325,192,20.9.2013
 -XS,XGX,12.11,DI-325,192,20.9.2013
GGG,BSS,12.12,DI-325,192,20.9.2013
G--,WWS,12.12,DI-325,192,20.9.2013
SXS, -SO,12.13,DI-325,192,20.9.2013
B-X,GS-,12.13,DI-325,192,20.9.2013
BB-,YS-,12.13,DI-325,192,20.9.2013
XB-, -GS,12.13,DI-325,192,20.9.2013
GG-,YYX,12.13,DI-325,192,20.9.2013
W--,OXO,12.14,DI-325,192,20.9.2013
G--,X-W,12.14,DI-325,192,20.9.2013
B-X,BSB,12.14,DI-325,192,20.9.2013
 -XS,S-O,12.14,DI-325,192,20.9.2013
GG-,BBX,12.15,DI-325,192,20.9.2013
SXS,W-S,12.15,DI-325,192,20.9.2013
OOO,G-G,12.15,DI-325,192,20.9.2013
G--, -WS,12.15,DI-325,192,20.9.2013
W--,X-W,12.15,DI-325,192,20.9.2013
S-- ,SY-,12.15,DI-325,192,20.9.2013
 -XS, -Y-,12.16,DI-325,192,20.9.2013
GGG,OOS,12.16,DI-325,192,20.9.2013
XB-, -SG,12.16,DI-325,192,20.9.2013
 --B,BXB,12.17,DI-325,192,20.9.2013
 -XS,XBB,12.17,DI-325,192,20.9.2013
W--,GGB,12.17,DI-325,192,20.9.2013
XB-,BX-,12.17,DI-325,192,20.9.2013
YY-, -XW,12.17,DI-325,192,20.9.2013
SXS,XX-,12.18,DI-325,192,20.9.2013
XB-,SWS,12.18,DI-325,192,20.9.2013
B-X,X-X,12.18,DI-325,192,20.9.2013
SXS,OSS,12.18,DI-325,192,20.9.2013
GGG,SOO,12.18,DI-325,192,20.9.2013
 --B,OOX,12.18,DI-325,192,20.9.2013
XB-,OO-,12.19,DI-325,192,20.9.2013
W--,SSW,12.19,DI-325,192,20.9.2013
GG-,Y-S,12.19,DI-325,192,20.9.2013
SXS, -WW,12.19,DI-325,192,20.9.2013
YY-,X-Y,12.2,DI-325,192,20.9.2013
XB-,XO-,12.21,DI-325,192,20.9.2013
 --G,XYY,12.21,DI-325,192,20.9.2013
B-X,XXY,12.21,DI-325,192,20.9.2013
XB-,GX-,12.21,DI-325,192,20.9.2013
OOO,SSO,12.21,DI-325,192,20.9.2013
SXS,XXS,12.21,DI-325,192,20.9.2013
OOO, -YS,12.22,DI-325,192,20.9.2013
SXS,SX-,12.22,DI-325,192,20.9.2013
GG-,SSY,12.22,DI-325,192,20.9.2013
 --B, -GB,12.22,DI-325,192,20.9.2013
 -XS, -OS,12.22,DI-325,192,20.9.2013
B-X, -SX,12.22,DI-325,192,20.9.2013
XXX,WWW,12.23,DI-325,192,20.9.2013
 -XS,XY-,12.23,DI-325,192,20.9.2013
YY-,XGX,12.24,DI-325,192,20.9.2013
BX-,WXX,12.24,DI-325,192,20.9.2013
G--,WWX,12.24,DI-325,192,20.9.2013
 -XS,SBS,12.24,DI-325,192,20.9.2013
XB-,XXS,12.24,DI-325,192,20.9.2013
 --B,BBG,12.25,DI-325,192,20.9.2013
 --G,GB-,12.25,DI-325,192,20.9.2013
SSX, -GX,12.25,DI-325,192,20.9.2013
B-X,YSY,12.25,DI-325,192,20.9.2013
YY-,WSW,12.25,DI-325,192,20.9.2013
GG-,SSG,12.25,DI-325,192,20.9.2013
 --Y,SYS,12.26,DI-325,192,20.9.2013
XB-,SW-,12.27,DI-325,192,20.9.2013
 --S, -S-,12.27,DI-325,192,20.9.2013
 --B,XOX,12.28,DI-325,192,20.9.2013
G--, -XY,12.29,DI-325,192,20.9.2013
 -XS,XBX,12.29,DI-325,192,20.9.2013
XB-,SGS,12.3,DI-325,192,20.9.2013
 --Y, -W-,12.3,DI-325,192,20.9.2013
 --G,S-G,12.3,DI-325,192,20.9.2013
G--, -XO,12.3,DI-325,192,20.9.2013
XB-,XSS,12.31,DI-325,192,20.9.2013
 --Y,GSG,12.32,DI-325,192,20.9.2013
XB-,WS-,12.33,DI-325,192,20.9.2013
 -XS, -OX,12.33,DI-325,192,20.9.2013
XB-, --S,12.36,DI-325,192,20.9.2013
XS-, -GG,12.49,DI-325,192,20.9.2013
S-S,Y-Y,12.52,DI-325,192,20.9.2013
S-S, --O,12.53,DI-325,192,20.9.2013
S-S, -OO,12.59,DI-325,192,20.9.2013
W--,GXG,13.03,DI-325,192,20.9.2013
B-B,W-X,12.25,DI-331,126,2.10.2013
B-B, -YY,12.26,DI-331,126,2.10.2013
B-B,OXO,12.26,DI-331,126,2.10.2013
B-B,XXX,12.27,DI-331,126,2.10.2013
B-B, -B-,12.28,DI-331,126,2.10.2013
B-B,BB-,12.28,DI-331,126,2.10.2013
B-B,O-O,12.3,DI-331,126,2.10.2013
 -B-, -X-,12.31,DI-331,126,2.10.2013
B-B, -SS,12.31,DI-331,126,2.10.2013
BB-,OOO,12.32,DI-331,126,2.10.2013
XX-, -G-,12.32,DI-331,126,2.10.2013
 -B-,YY-,12.32,DI-331,126,2.10.2013
XX-,XXY,12.32,DI-331,126,2.10.2013
XX-,BBB,12.33,DI-331,126,2.10.2013
 -SS, -G-,12.33,DI-331,126,2.10.2013
BB-, --S,12.34,DI-331,126,2.10.2013
 -G-, -O-,12.34,DI-331,126,2.10.2013
B-B, -XS,12.34,DI-331,126,2.10.2013
O-O,XY-,12.34,DI-331,126,2.10.2013
XX-, -XX,12.34,DI-331,126,2.10.2013
 --G,G--,12.34,DI-331,126,2.10.2013
XXX,XXO,12.34,DI-331,126,2.10.2013
BB-, --O,12.35,DI-331,126,2.10.2013
 -B-,X--,12.35,DI-331,126,2.10.2013
 -X-,XOX,12.36,DI-331,126,2.10.2013
OOO,XBX,12.36,DI-331,126,2.10.2013
 --S, -BB,12.36,DI-331,126,2.10.2013
 -G-, -WW,12.36,DI-331,126,2.10.2013
OOO,XGG,12.36,DI-331,126,2.10.2013
GG-,XYX,12.36,DI-331,126,2.10.2013
B-B,YX-,12.36,DI-331,126,2.10.2013
BB-, -XW,12.37,DI-331,126,2.10.2013
 --S,SXX,12.37,DI-331,126,2.10.2013
BB-,SSB,12.37,DI-331,126,2.10.2013
O-O,X-S,12.37,DI-331,126,2.10.2013
BBB,O--,12.37,DI-331,126,2.10.2013
 -X-, -S-,12.37,DI-331,126,2.10.2013
B-B,OOX,12.37,DI-331,126,2.10.2013
XXX, --X,12.38,DI-331,126,2.10.2013
 --G, -WX,12.38,DI-331,126,2.10.2013
 -SS,XXW,12.38,DI-331,126,2.10.2013
 --S,X-X,12.38,DI-331,126,2.10.2013
GG-,S--,12.38,DI-331,126,2.10.2013
 -B-,GGX,12.39,DI-331,126,2.10.2013
GG-,XOO,12.39,DI-331,126,2.10.2013
B--,GXX,12.39,DI-331,126,2.10.2013
OOO,SB-,12.4,DI-331,126,2.10.2013
 -X-, --R,12.4,DI-331,126,2.10.2013
G--, -XB,12.4,DI-331,126,2.10.2013
BB-,OXX,12.4,DI-331,126,2.10.2013
 -XS,WWX,12.4,DI-331,126,2.10.2013
 -X-,XXS,12.4,DI-331,126,2.10.2013
 -SS,XX-,12.4,DI-331,126,2.10.2013
B-B,GG-,12.4,DI-331,126,2.10.2013
 --B,XB-,12.4,DI-331,126,2.10.2013
 --G, -OX,12.4,DI-331,126,2.10.2013
XXX,BBX,12.4,DI-331,126,2.10.2013
 -B-,X-G,12.41,DI-331,126,2.10.2013
XX-,S-X,12.41,DI-331,126,2.10.2013
YY-,W--,12.41,DI-331,126,2.10.2013
G--,XSX,12.41,DI-331,126,2.10.2013
XX-,GX-,12.41,DI-331,126,2.10.2013
B-B,SXS,12.41,DI-331,126,2.10.2013
XXX,WXW,12.41,DI-331,126,2.10.2013
 -X-,X-B,12.41,DI-331,126,2.10.2013
 -SS, -XO,12.41,DI-331,126,2.10.2013
 -SX,XO-,12.41,DI-331,126,2.10.2013
 --S, -XY,12.41,DI-331,126,2.10.2013
GG-, --W,12.41,DI-331,126,2.10.2013
GG-,WXX,12.41,DI-331,126,2.10.2013
B--, -O-,12.42,DI-331,126,2.10.2013
X--, -W-,12.42,DI-331,126,2.10.2013
 --O,WX-,12.42,DI-331,126,2.10.2013
BB-, -Y-,12.42,DI-331,126,2.10.2013
 --S,O-X,12.42,DI-331,126,2.10.2013
 -X-, --Y,12.42,DI-331,126,2.10.2013
B-B,BX-,12.42,DI-331,126,2.10.2013
BBB,SX-,12.42,DI-331,126,2.10.2013
X-X,XGX,12.42,DI-331,126,2.10.2013
XX-,G-G,12.42,DI-331,126,2.10.2013
SS-,Y-Y,12.43,DI-331,126,2.10.2013
 --G,XG-,12.43,DI-331,126,2.10.2013
GG- ,B-X,12.43,DI-331,126,2.10.2013
 --B, -SB,12.43,DI-331,126,2.10.2013
YY-,XWW,12.43,DI-331,126,2.10.2013
XXX,BXX,12.43,DI-331,126,2.10.2013
 -SS,Y-X,12.43,DI-331,126,2.10.2013
B--,XS-,12.43,DI-331,126,2.10.2013
BBB, -SX,12.44,DI-331,126,2.10.2013
G--, -X-,12.44,DI-331,126,2.10.2013
BB-, -BX,12.44,DI-331,126,2.10.2013
GG-,S-B,12.44,DI-331,126,2.10.2013
X--,XWX,12.44,DI-331,126,2.10.2013
 -S-,X-O,12.44,DI-331,126,2.10.2013
 --G,W-W,12.44,DI-331,126,2.10.2013
 --S ,Y--,12.44,DI-331,126,2.10.2013
 --B,X--,12.44,DI-331,126,2.10.2013
 --O,XXB,12.45,DI-331,126,2.10.2013
O-O, -GG,12.45,DI-331,126,2.10.2013
G--, -GX,12.45,DI-331,126,2.10.2013
G--,XS-,12.46,DI-331,126,2.10.2013
B--,BXB,12.48,DI-331,126,2.10.2013
GG-, --X,12.49,DI-331,126,2.10.2013
 --Y, -SY,9.02,DI-332,185,2.10.2013
 --Y,Y-X,9.03,DI-332,185,2.10.2013
 --Y,XSX,9.04,DI-332,185,2.10.2013
 --Y,SBS,9.05,DI-332,185,2.10.2013
 --Y,S-W,9.05,DI-332,185,2.10.2013
 --Y,OX-,9.06,DI-332,185,2.10.2013
 --Y,S-X,9.07,DI-332,185,2.10.2013
 --Y,GS-,9.08,DI-332,185,2.10.2013
 --Y,XX-,9.09,DI-332,185,2.10.2013
S-X,B-S,9.1,DI-332,185,2.10.2013
S-X, --R,9.12,DI-332,185,2.10.2013
S-X,WWX,9.12,DI-332,185,2.10.2013
S-X, -O-,9.13,DI-332,185,2.10.2013
S-X,WS-,9.14,DI-332,185,2.10.2013
S-X, -YX,9.14,DI-332,185,2.10.2013
S-X,SX-,9.15,DI-332,185,2.10.2013
S-X, -SS,9.15,DI-332,185,2.10.2013
S-X, -SG,9.17,DI-332,185,2.10.2013
 -O-,XOX,9.17,DI-332,185,2.10.2013
S-X,XXB,9.18,DI-332,185,2.10.2013
 -O-, --O,9.18,DI-332,185,2.10.2013
 -O-,SWS,9.19,DI-332,185,2.10.2013
 --O,SG-,9.2,DI-332,185,2.10.2013
 --O,SOS,9.2,DI-332,185,2.10.2013
S-X,SGS,9.2,DI-332,185,2.10.2013
 --O,GGS,9.21,DI-332,185,2.10.2013
S-X, --X,9.21,DI-332,185,2.10.2013
 --O,GGX,9.22,DI-332,185,2.10.2013
S-X,SWW,9.22,DI-332,185,2.10.2013
G-G,GSS,9.22,DI-332,185,2.10.2013
 --O, -XS,9.22,DI-332,185,2.10.2013
 --O, -SX,9.22,DI-332,185,2.10.2013
S-X,X-W,9.23,DI-332,185,2.10.2013
S-X,SO-,9.23,DI-332,185,2.10.2013
XX-,YSY,9.24,DI-332,185,2.10.2013
 --O,XWW,9.24,DI-332,185,2.10.2013
S-X,YX-,9.24,DI-332,185,2.10.2013
S-X, --S,9.25,DI-332,185,2.10.2013
 -O-,BXB,9.25,DI-332,185,2.10.2013
S-X, -XB,9.25,DI-332,185,2.10.2013
 -O-,XBX,9.25,DI-332,185,2.10.2013
 --O,BB-,9.26,DI-332,185,2.10.2013
S-X, -OX,9.26,DI-332,185,2.10.2013
S-X,SSX,9.26,DI-332,185,2.10.2013
G-G,BG-,9.26,DI-332,185,2.10.2013
 -O-,X-O,9.26,DI-332,185,2.10.2013
G-G,XB-,9.27,DI-332,185,2.10.2013
S-X,YYX,9.27,DI-332,185,2.10.2013
 --S,SBB,9.27,DI-332,185,2.10.2013
 --O, -SB,9.27,DI-332,185,2.10.2013
S-X,OOX,9.27,DI-332,185,2.10.2013
 -O-,GXX,9.28,DI-332,185,2.10.2013
S-X,OS-,9.28,DI-332,185,2.10.2013
 -O-,W-S,9.29,DI-332,185,2.10.2013
 --S,XXW,9.29,DI-332,185,2.10.2013
 -O-,SB-,9.3,DI-332,185,2.10.2013
 --S,BBX,9.3,DI-332,185,2.10.2013
 --S,OO-,9.3,DI-332,185,2.10.2013
 -O-,SSW,9.3,DI-332,185,2.10.2013
S-X,BSS,9.3,DI-332,185,2.10.2013
 --O,B-B,9.3,DI-332,185,2.10.2013
 -O-, -BG,9.31,DI-332,185,2.10.2013
 -O-, -BS,9.31,DI-332,185,2.10.2013
 -O-,XY-,9.32,DI-332,185,2.10.2013
S-X,WXX,9.32,DI-332,185,2.10.2013
XB-,W-X,9.32,DI-332,185,2.10.2013
S-X,SSO,9.32,DI-332,185,2.10.2013
XB-,X-W,9.33,DI-332,185,2.10.2013
S-X,BS-,9.33,DI-332,185,2.10.2013
 -O-,GXG,9.33,DI-332,185,2.10.2013
S-X,O-S,9.33,DI-332,185,2.10.2013
 --S,O--,9.33,DI-332,185,2.10.2013
 --S,SSY,9.34,DI-332,185,2.10.2013
 --O,GX-,9.34,DI-332,185,2.10.2013
S-X,XYY,9.34,DI-332,185,2.10.2013
XB-,YSY,9.34,DI-332,185,2.10.2013
 --S,O-X,9.35,DI-332,185,2.10.2013
 -O-,SXS,9.35,DI-332,185,2.10.2013
S-X,S-G,9.35,DI-332,185,2.10.2013
 -O-, -SW,9.35,DI-332,185,2.10.2013
S-X, -WS,9.36,DI-332,185,2.10.2013
XB-,BXX,9.36,DI-332,185,2.10.2013
S-X,GGX,9.36,DI-332,185,2.10.2013
O--,GG-,9.36,DI-332,185,2.10.2013
XB-,BSB,9.37,DI-332,185,2.10.2013
S-X,WX-,9.37,DI-332,185,2.10.2013
 -O-,OXX,9.37,DI-332,185,2.10.2013
S-X,XXG,9.37,DI-332,185,2.10.2013
S-X,WXW,9.38,DI-332,185,2.10.2013
BBB,GGS,9.38,DI-332,185,2.10.2013
 --S, -BB,9.39,DI-332,185,2.10.2013
BBB,X-B,9.39,DI-332,185,2.10.2013
O--,SG-,9.39,DI-332,185,2.10.2013
 --S,Y-S,9.4,DI-332,185,2.10.2013
BBB,SYS,9.4,DI-332,185,2.10.2013
S-X,YS-,9.4,DI-332,185,2.10.2013
XB-,OOS,9.41,DI-332,185,2.10.2013
 -XW,OSS,9.41,DI-332,185,2.10.2013
SXS,S-O,9.41,DI-332,185,2.10.2013
W-X,SSB,9.42,DI-332,185,2.10.2013
 --S,SS-,9.42,DI-332,185,2.10.2013
O--, -BB,9.43,DI-332,185,2.10.2013
 --S,XYX,9.43,DI-332,185,2.10.2013
BS-,XXO,9.44,DI-332,185,2.10.2013
W-X,GGG,9.45,DI-332,185,2.10.2013
 --O, -GX,9.46,DI-332,185,2.10.2013
W-X,SXX,9.48,DI-332,185,2.10.2013
GXG,B--,9.48,DI-332,185,2.10.2013
GXG,XB-,9.5,DI-332,185,2.10.2013
 -XW,SW-,9.52,DI-332,185,2.10.2013
 --Y,G--,9.52,DI-332,185,2.10.2013
SXS,X-G,9.52,DI-332,185,2.10.2013
XXS,WWW,9.56,DI-332,185,2.10.2013
 -XW,WSW,9.57,DI-332,185,2.10.2013
XXS,WWS,9.57,DI-332,185,2.10.2013
BBB,S-B,10.02,DI-332,185,2.10.2013
SX-,BBX,10.07,DI-332,185,2.10.2013
SX-,XXY,10.1,DI-332,185,2.10.2013
 -GG,SY-,10.12,DI-332,185,2.10.2013
 --S,XG-,10.13,DI-332,185,2.10.2013
 -YX,XOO,10.16,DI-332,185,2.10.2013
SX-,SBB,10.17,DI-332,185,2.10.2013
W--,S-Y,10.28,DI-332,185,2.10.2013
 -XB,SSG,10.49,DI-332,185,2.10.2013
BSS, -OS,10.58,DI-332,185,2.10.2013
XS-, -WX,11.07,DI-332,185,2.10.2013
X-X, -O-,14.16,DI-352,145,6.3.2014
X-X,XGG,14.17,DI-352,145,6.3.2014
X-X,WWW,14.18,DI-352,145,6.3.2014
XX-,GSG,14.19,DI-352,145,6.3.2014
X-X,BXX,14.2,DI-352,145,6.3.2014
XX-,XBX,14.21,DI-352,145,6.3.2014
X-X,SSX,14.22,DI-352,145,6.3.2014
XX-, -XX,14.22,DI-352,145,6.3.2014
X-X, --G,14.23,DI-352,145,6.3.2014
X-X,G-G,14.24,DI-352,145,6.3.2014
XX-,SXX,14.24,DI-352,145,6.3.2014
XX-,G--,14.26,DI-352,145,6.3.2014
X-X, --Y,14.26,DI-352,145,6.3.2014
 --G,OO-,14.26,DI-352,145,6.3.2014
X-X,S--,14.27,DI-352,145,6.3.2014
X-X,BXB,14.28,DI-352,145,6.3.2014
X-X,Y-Y,14.29,DI-352,145,6.3.2014
 --G,S-X,14.3,DI-352,145,6.3.2014
X-X,O-X,14.3,DI-352,145,6.3.2014
XX-,XXO,14.32,DI-352,145,6.3.2014
 --G, -GS,14.33,DI-352,145,6.3.2014
OO-, -WX,14.33,DI-352,145,6.3.2014
 --G,GGS,14.34,DI-352,145,6.3.2014
 --G, -WW,14.35,DI-352,145,6.3.2014
OO-,XG-,14.35,DI-352,145,6.3.2014
BXB,Y-X,14.35,DI-352,145,6.3.2014
XX-,WWW,14.35,DI-352,145,6.3.2014
XX-,YYY,14.37,DI-352,145,6.3.2014
XX-,BB-,14.37,DI-352,145,6.3.2014
X-X,XGX,14.39,DI-352,145,6.3.2014
XX-,S-B,14.39,DI-352,145,6.3.2014
G--, -S-,14.4,DI-352,145,6.3.2014
OO-,XBB,14.4,DI-352,145,6.3.2014
 --G,X-O,14.4,DI-352,145,6.3.2014
OO-,Y--,14.41,DI-352,145,6.3.2014
XX-,YY-,14.41,DI-352,145,6.3.2014
OO-, -XW,14.41,DI-352,145,6.3.2014
OO-,W-W,14.42,DI-352,145,6.3.2014
G-G,WXX,14.43,DI-352,145,6.3.2014
G--,SX-,14.43,DI-352,145,6.3.2014
 --G,O-O,14.43,DI-352,145,6.3.2014
G-G,X-G,14.43,DI-352,145,6.3.2014
OO-,SBB,14.44,DI-352,145,6.3.2014
 --G,O-X,14.44,DI-352,145,6.3.2014
XX-,XYX,14.44,DI-352,145,6.3.2014
X-X,BSS,14.44,DI-352,145,6.3.2014
OO-, -X-,14.45,DI-352,145,6.3.2014
XX-,BBB,14.45,DI-352,145,6.3.2014
 --G,SG-,14.46,DI-352,145,6.3.2014
X-X,BS-,14.46,DI-352,145,6.3.2014
Y--,G-S,14.46,DI-352,145,6.3.2014
X-X,XYY,14.46,DI-352,145,6.3.2014
 --G, -G-,14.47,DI-352,145,6.3.2014
Y--,OO-,14.47,DI-352,145,6.3.2014
XX-,SSB,14.47,DI-352,145,6.3.2014
BXB,YYY,14.47,DI-352,145,6.3.2014
G-G,YYX,14.47,DI-352,145,6.3.2014
Y--, --B,14.48,DI-352,145,6.3.2014
X-X,W--,14.48,DI-352,145,6.3.2014
 --G,XSX,14.48,DI-352,145,6.3.2014
X-X, --Y,14.49,DI-352,145,6.3.2014
S--,XXS,14.5,DI-352,145,6.3.2014
XX-,XXB,14.5,DI-352,145,6.3.2014
Y--,XSS,14.5,DI-352,145,6.3.2014
 --G, -GX,14.5,DI-352,145,6.3.2014
 -W-, -BX,14.5,DI-352,145,6.3.2014
S--, --W,14.51,DI-352,145,6.3.2014
X-X,GS-,14.51,DI-352,145,6.3.2014
 -XX,SBS,14.51,DI-352,145,6.3.2014
 --G, -XB,14.52,DI-352,145,6.3.2014
 --G,YXX,14.52,DI-352,145,6.3.2014
S--,WW-,14.53,DI-352,145,6.3.2014
XX-,BBX,14.53,DI-352,145,6.3.2014
 -XX,OOO,14.54,DI-352,145,6.3.2014
Y--,B-X,14.54,DI-352,145,6.3.2014
BXB,BX-,14.55,DI-352,145,6.3.2014
G--,XW-,14.55,DI-352,145,6.3.2014
OO-,GGX,14.55,DI-352,145,6.3.2014
Y--,XXY,14.55,DI-352,145,6.3.2014
 --G, --X,14.55,DI-352,145,6.3.2014
 -XX,W-X,14.56,DI-352,145,6.3.2014
S--,XXW,14.56,DI-352,145,6.3.2014
XYY,X-W,14.56,DI-352,145,6.3.2014
XXS,XOO,14.57,DI-352,145,6.3.2014
Y--, --O,14.57,DI-352,145,6.3.2014
XX-, -SX,14.57,DI-352,145,6.3.2014
WWW, --R,14.58,DI-352,145,6.3.2014
OO-,BSB,14.58,DI-352,145,6.3.2014
S--, -OX,14.58,DI-352,145,6.3.2014
 -XX,SSG,14.59,DI-352,145,6.3.2014
OO-,GXG,14.59,DI-352,145,6.3.2014
 -W-,G-G,14.59,DI-352,145,6.3.2014
XX-,GG-,14.59,DI-352,145,6.3.2014
 --G,WX-,15,DI-352,145,6.3.2014
XX-,O--,15,DI-352,145,6.3.2014
OO-,BBS,15.01,DI-352,145,6.3.2014
Y--,X-Y,15.01,DI-352,145,6.3.2014
Y--,OOX,15.01,DI-352,145,6.3.2014
XX-,OXX,15.01,DI-352,145,6.3.2014
 --G,WXW,15.01,DI-352,145,6.3.2014
G--,GXX,15.01,DI-352,145,6.3.2014
S--,SXS,15.01,DI-352,145,6.3.2014
Y--,S-S,15.02,DI-352,145,6.3.2014
BXB,GG-,15.02,DI-352,145,6.3.2014
XX-, -XG,15.02,DI-352,145,6.3.2014
 -SX,X-S,15.03,DI-352,145,6.3.2014
 -XX, -SG,15.03,DI-352,145,6.3.2014
Y--,XOX,15.03,DI-352,145,6.3.2014
 -XX,X-B,15.04,DI-352,145,6.3.2014
WWW,XWW,15.04,DI-352,145,6.3.2014
Y--, -SB,15.05,DI-352,145,6.3.2014
 --G,XXG,15.05,DI-352,145,6.3.2014
BXB,G-X,15.05,DI-352,145,6.3.2014
 -GG,XB-,15.05,DI-352,145,6.3.2014
WWW,GX-,15.05,DI-352,145,6.3.2014
S--,XO-,15.06,DI-352,145,6.3.2014
BXB,GGG,15.06,DI-352,145,6.3.2014
 -W-, -SS,15.07,DI-352,145,6.3.2014
 --G,SGG,15.07,DI-352,145,6.3.2014
OO-,XG-,15.08,DI-352,145,6.3.2014
XX-, -BS,15.08,DI-352,145,6.3.2014
Y--,OXO,15.08,DI-352,145,6.3.2014
YY-, -YX,15.08,DI-352,145,6.3.2014
XX-, -XY,15.08,DI-352,145,6.3.2014
Y--,XWX,15.09,DI-352,145,6.3.2014
WWW, -XO,15.09,DI-352,145,6.3.2014
GG-,OX-,15.09,DI-352,145,6.3.2014
Y--,XY-,15.09,DI-352,145,6.3.2014
XYY,XS-,15.09,DI-352,145,6.3.2014
S--,S-G,15.09,DI-352,145,6.3.2014
YXX,B-S,15.09,DI-352,145,6.3.2014
S-S, -YX,15.1,DI-352,145,6.3.2014
XXS, -OO,15.1,DI-352,145,6.3.2014
OO-,SSS,15.1,DI-352,145,6.3.2014
S--,SB-,15.11,DI-352,145,6.3.2014
OO-,YX-,15.11,DI-352,145,6.3.2014
XX-, -Y-,15.12,DI-352,145,6.3.2014
GG-,WWX,15.12,DI-352,145,6.3.2014
S-S,Y-Y,17.51,DI-359,149,4.4.2014
S-S, -SX,17.52,DI-359,149,4.4.2014
X--,X-W,17.53,DI-359,149,4.4.2014
S-S,SXX,17.54,DI-359,149,4.4.2014
S-S, -OX,17.54,DI-359,149,4.4.2014
SS-,XBX,17.56,DI-359,149,4.4.2014
S-S, -XY,17.57,DI-359,149,4.4.2014
 -X-, -XG,17.57,DI-359,149,4.4.2014
S-S,B-B,17.58,DI-359,149,4.4.2014
X--, --B,17.58,DI-359,149,4.4.2014
S-S,XOO,17.59,DI-359,149,4.4.2014
 -X-,G-G,17.59,DI-359,149,4.4.2014
 -X-,XSS,18,DI-359,149,4.4.2014
X--,G--,18.01,DI-359,149,4.4.2014
 -X-,Y-X,18.01,DI-359,149,4.4.2014
S-S,BB-,18.02,DI-359,149,4.4.2014
 -X-,X-X,18.02,DI-359,149,4.4.2014
SSS,OO-,18.03,DI-359,149,4.4.2014
X--, --S,18.03,DI-359,149,4.4.2014
B--, -B-,18.04,DI-359,149,4.4.2014
X--, -WW,18.04,DI-359,149,4.4.2014
S-S,S--,18.05,DI-359,149,4.4.2014
 -X-,XOX,18.05,DI-359,149,4.4.2014
BB-,XS-,18.05,DI-359,149,4.4.2014
BB-,XGG,18.05,DI-359,149,4.4.2014
X--,S-X,18.05,DI-359,149,4.4.2014
 -X-, -S-,18.06,DI-359,149,4.4.2014
X--,XXO,18.06,DI-359,149,4.4.2014
OO-,YYY,18.06,DI-359,149,4.4.2014
G-G,XB-,18.07,DI-359,149,4.4.2014
S-S,BXX,18.07,DI-359,149,4.4.2014
SSS, -XS,18.07,DI-359,149,4.4.2014
SXX, -G-,18.07,DI-359,149,4.4.2014
 --B, -SS,18.07,DI-359,149,4.4.2014
 -X-, -O-,18.08,DI-359,149,4.4.2014
 -X-,X-B,18.08,DI-359,149,4.4.2014
OO-,BS-,18.08,DI-359,149,4.4.2014
 -GG,G-S,18.08,DI-359,149,4.4.2014
BB-, --G,18.08,DI-359,149,4.4.2014
SSS,BX-,18.08,DI-359,149,4.4.2014
XXX, --Y,18.08,DI-359,149,4.4.2014
B--, -Y-,18.08,DI-359,149,4.4.2014
G-G,SG-,18.08,DI-359,149,4.4.2014
S-S,SSG,18.08,DI-359,149,4.4.2014
X-X,X-S,18.09,DI-359,149,4.4.2014
 --B,SBS,18.09,DI-359,149,4.4.2014
 -X-,WWW,18.09,DI-359,149,4.4.2014
OO-,WW-,18.09,DI-359,149,4.4.2014
SXX,Y-Y,18.1,DI-359,149,4.4.2014
BBB,XWX,18.1,DI-359,149,4.4.2014
G-G,O--,18.1,DI-359,149,4.4.2014
BB-,SBB,18.1,DI-359,149,4.4.2014
SSS, -XX,18.1,DI-359,149,4.4.2014
OO-,XSX,18.1,DI-359,149,4.4.2014
 -X-, --O,18.1,DI-359,149,4.4.2014
SXX,XXY,18.1,DI-359,149,4.4.2014
S-S,YY-,18.11,DI-359,149,4.4.2014
G-G,XG-,18.11,DI-359,149,4.4.2014
XXX, -XB,18.11,DI-359,149,4.4.2014
OO-, --R,18.11,DI-359,149,4.4.2014
 -X-, --X,18.11,DI-359,149,4.4.2014
SSS,GG-,18.12,DI-359,149,4.4.2014
 --G,X-Y,18.12,DI-359,149,4.4.2014
X--,XGX,18.12,DI-359,149,4.4.2014
 -B-, -BB,18.12,DI-359,149,4.4.2014
SXX,SXS,18.12,DI-359,149,4.4.2014
OO-,W-X,18.12,DI-359,149,4.4.2014
BB-,B-S,18.13,DI-359,149,4.4.2014
 -GG,XXG,18.13,DI-359,149,4.4.2014
 -XX, -YX,18.13,DI-359,149,4.4.2014
G-G,W-W,18.13,DI-359,149,4.4.2014
XXX,OOO,18.13,DI-359,149,4.4.2014
XXX,BBS,18.13,DI-359,149,4.4.2014
 -X-,Y--,18.13,DI-359,149,4.4.2014
OO-,SX-,18.13,DI-359,149,4.4.2014
 --B,GXG,18.13,DI-359,149,4.4.2014
 -X-, --S,18.14,DI-359,149,4.4.2014
X--,GSS,18.14,DI-359,149,4.4.2014
 -Y-,XBB,18.14,DI-359,149,4.4.2014
SS-,XYX,18.14,DI-359,149,4.4.2014
B-B,O-X,18.14,DI-359,149,4.4.2014
BB-,Y-Y,18.14,DI-359,149,4.4.2014
 -GG,BSB,18.14,DI-359,149,4.4.2014
BBB,S-B,18.14,DI-359,149,4.4.2014
 -SS,SSX,18.14,DI-359,149,4.4.2014
XXX, -XO,18.15,DI-359,149,4.4.2014
 -B-, -WX,18.15,DI-359,149,4.4.2014
OO-,GSG,18.15,DI-359,149,4.4.2014
SS-, --W,18.15,DI-359,149,4.4.2014
 -X-, -SY,18.15,DI-359,149,4.4.2014
BB-, -OO,18.15,DI-359,149,4.4.2014
OO-,XXS,18.15,DI-359,149,4.4.2014
 -XX,X-O,18.15,DI-359,149,4.4.2014
 --B,B-X,18.15,DI-359,149,4.4.2014
B-B,YXX,18.15,DI-359,149,4.4.2014
G-G, -GX,18.16,DI-359,149,4.4.2014
B--,S-Y,18.16,DI-359,149,4.4.2014
X-X,G-X,18.16,DI-359,149,4.4.2014
BBB,GXX,18.16,DI-359,149,4.4.2014
 -GG,BXB,18.16,DI-359,149,4.4.2014
W--,WWX,18.16,DI-359,149,4.4.2014
SSS, -SG,18.16,DI-359,149,4.4.2014
B-B,XXB,18.16,DI-359,149,4.4.2014
BB-,WXW,18.17,DI-359,149,4.4.2014
 -X-,WX-,18.17,DI-359,149,4.4.2014
OO-,XW-,18.17,DI-359,149,4.4.2014
 -SS,XY-,18.17,DI-359,149,4.4.2014
W--, -BS,18.17,DI-359,149,4.4.2014
X-X,BBX,18.17,DI-359,149,4.4.2014
SS-,OXX,18.17,DI-359,149,4.4.2014
XXX,GGS,18.17,DI-359,149,4.4.2014
 --G,GS-,18.17,DI-359,149,4.4.2014
 -GG,OXO,18.17,DI-359,149,4.4.2014
B--,GX-,18.17,DI-359,149,4.4.2014
X-X,GGX,18.17,DI-359,149,4.4.2014
OO-,XXW,18.17,DI-359,149,4.4.2014
SSS,O-O,18.17,DI-359,149,4.4.2014
 -X-, -XW,18.18,DI-359,149,4.4.2014
W--, -YY,18.18,DI-359,149,4.4.2014
 -B-,S-G,18.19,DI-359,149,4.4.2014
 -X-, -W-,18.19,DI-359,149,4.4.2014
XXX,SSB,18.19,DI-359,149,4.4.2014
X-X,GGG,18.19,DI-359,149,4.4.2014
 --G,SS-,18.19,DI-359,149,4.4.2014
 -GG,O--,18.19,DI-359,149,4.4.2014
BBB,SGG,18.19,DI-359,149,4.4.2014
 -X-,XGG,18.19,DI-359,149,4.4.2014
 -SS,XWW,18.19,DI-359,149,4.4.2014
B--,XW-,18.19,DI-359,149,4.4.2014
SSS, -Y-,18.19,DI-359,149,4.4.2014
G-G, -BX,18.2,DI-359,149,4.4.2014
OO-,XYY,18.2,DI-359,149,4.4.2014
 --G,B-B,18.2,DI-359,149,4.4.2014
 -SS,X--,18.21,DI-359,149,4.4.2014
OO-,YYX,18.21,DI-359,149,4.4.2014
X-X,SB-,18.22,DI-359,149,4.4.2014
 --G,O--,18.22,DI-359,149,4.4.2014
G-G,Y-Y,18.22,DI-359,149,4.4.2014
 -G-,BB-,18.22,DI-359,149,4.4.2014
SSS, -Y-,18.22,DI-359,149,4.4.2014
 -SS,OX-,18.23,DI-359,149,4.4.2014
G-G, -O-,18.23,DI-359,149,4.4.2014
 -G-,X--,18.24,DI-359,149,4.4.2014
 -SS,B-B,18.25,DI-359,149,4.4.2014
 --G,O--,18.25,DI-359,149,4.4.2014
 -X-,BB-,18.25,DI-359,149,4.4.2014
W--,YXY,18.26,DI-359,149,4.4.2014
XXX,OO-,18.26,DI-359,149,4.4.2014
B--, -Y-,18.26,DI-359,149,4.4.2014
W--, -XX,18.27,DI-359,149,4.4.2014
B--,X-B,18.28,DI-359,149,4.4.2014
 -SS,O--,18.29,DI-359,149,4.4.2014
XXX,X-X,18.29,DI-359,149,4.4.2014
B-B,BBB,18.29,DI-359,149,4.4.2014
 -SS, -B-,18.3,DI-359,149,4.4.2014
 -SS,Y-Y,18.32,DI-359,149,4.4.2014
W--,O--,18.33,DI-359,149,4.4.2014
 -O-,S--,18.43,DI-359,149,4.4.2014
SXX,YXY,18.43,DI-359,149,4.4.2014
 -BB,X--,18.45,DI-359,149,4.4.2014
SXX,Y-Y,18.45,DI-359,149,4.4.2014
 -XS,G-G,18.49,DI-359,149,4.4.2014
 -OO,BB-,19.06,DI-359,149,4.4.2014
 -OO,BB-,19.11,DI-359,149,4.4.2014
 -W-,XSS,13.58,DI-361,202,9.4.2014
 -W-, -XG,13.58,DI-361,202,9.4.2014
XXS,SGG,13.58,DI-361,202,9.4.2014
 --O, -Y-,13.59,DI-361,202,9.4.2014
XXS, -WW,13.59,DI-361,202,9.4.2014
XXS,YX-,14,DI-361,202,9.4.2014
 --O, -GS,14.01,DI-361,202,9.4.2014
 -Y-,XGX,14.02,DI-361,202,9.4.2014
O--,S-G,14.02,DI-361,202,9.4.2014
XXS, -SX,14.02,DI-361,202,9.4.2014
O--,X-S,14.02,DI-361,202,9.4.2014
 --O,WW-,14.02,DI-361,202,9.4.2014
O--,SXX,14.03,DI-361,202,9.4.2014
 --O,BBY,14.03,DI-361,202,9.4.2014
XGX,GG-,14.03,DI-361,202,9.4.2014
 -Y-,GBG,14.04,DI-361,202,9.4.2014
X-S,GGS,14.04,DI-361,202,9.4.2014
XXO,B-X,14.04,DI-361,202,9.4.2014
XGX,B-B,14.04,DI-361,202,9.4.2014
YYX,YY-,14.04,DI-361,202,9.4.2014
 --O,WXX,14.04,DI-361,202,9.4.2014
YYX,YSY,14.05,DI-361,202,9.4.2014
 --O,W--,14.05,DI-361,202,9.4.2014
O--, -OO,14.05,DI-361,202,9.4.2014
XGX, -SY,14.05,DI-361,202,9.4.2014
 --O,SSS,14.05,DI-361,202,9.4.2014
XGX,Y-B,14.06,DI-361,202,9.4.2014
 --O,SB-,14.06,DI-361,202,9.4.2014
 -Y-,YS-,14.06,DI-361,202,9.4.2014
B-B, -XY,14.06,DI-361,202,9.4.2014
XGX,SYS,14.06,DI-361,202,9.4.2014
 -Y-, -BG,14.06,DI-361,202,9.4.2014
 --O,S-O,14.06,DI-361,202,9.4.2014
W--,O-X,14.07,DI-361,202,9.4.2014
B-B,SS-,14.07,DI-361,202,9.4.2014
YYX, -YS,14.07,DI-361,202,9.4.2014
O--,S-B,14.07,DI-361,202,9.4.2014
 -Y-, -WS,14.07,DI-361,202,9.4.2014
B-B,SSW,14.07,DI-361,202,9.4.2014
XGX,XO-,14.07,DI-361,202,9.4.2014
B-B,SO-,14.08,DI-361,202,9.4.2014
 -Y-,SBB,14.08,DI-361,202,9.4.2014
B--,BS-,14.08,DI-361,202,9.4.2014
B-B,X-G,14.08,DI-361,202,9.4.2014
SXX,X-X,14.08,DI-361,202,9.4.2014
 -Y-,X-O,14.08,DI-361,202,9.4.2014
B-B, --S,14.09,DI-361,202,9.4.2014
SXX,O-S,14.09,DI-361,202,9.4.2014
W--, -WX,14.09,DI-361,202,9.4.2014
 -Y-,SYY,14.09,DI-361,202,9.4.2014
W--, --R,14.09,DI-361,202,9.4.2014
 -WW, -BS,14.09,DI-361,202,9.4.2014
B-B,XY-,14.1,DI-361,202,9.4.2014
W--,WSS,14.1,DI-361,202,9.4.2014
 -W-,BYB,14.1,DI-361,202,9.4.2014
B-B,X-B,14.1,DI-361,202,9.4.2014
XYY, -YX,14.1,DI-361,202,9.4.2014
 -Y-,SY-,14.1,DI-361,202,9.4.2014
W--,B-G,14.11,DI-361,202,9.4.2014
B-B,OX-,14.11,DI-361,202,9.4.2014
B-B,SSG,14.11,DI-361,202,9.4.2014
W--,Y--,14.11,DI-361,202,9.4.2014
B-B,XSX,14.12,DI-361,202,9.4.2014
YSY,WX-,14.12,DI-361,202,9.4.2014
 --O,W-X,14.12,DI-361,202,9.4.2014
YYX, -OS,14.13,DI-361,202,9.4.2014
 -Y-,XOX,14.13,DI-361,202,9.4.2014
B-B, -SB,14.13,DI-361,202,9.4.2014
SXX,SOS,14.13,DI-361,202,9.4.2014
XYY,BX-,14.13,DI-361,202,9.4.2014
YYX, -W-,14.14,DI-361,202,9.4.2014
B-B, -GB,14.15,DI-361,202,9.4.2014
B-B,GS-,14.16,DI-361,202,9.4.2014
 --O, -BX,14.16,DI-361,202,9.4.2014
W--, -OX,14.2,DI-361,202,9.4.2014
W--,XXY,14.22,DI-361,202,9.4.2014
B-B, -YY,14.23,DI-361,202,9.4.2014
W--, --B,14.23,DI-361,202,9.4.2014
W--,GGB,14.23,DI-361,202,9.4.2014
XGX,GSS,14.23,DI-361,202,9.4.2014
X-O,G-G,14.24,DI-361,202,9.4.2014
B-B,X-S,14.24,DI-361,202,9.4.2014
XGX,YYS,14.24,DI-361,202,9.4.2014
XGX, -O-,14.25,DI-361,202,9.4.2014
B-B, -SS,14.25,DI-361,202,9.4.2014
B-B,XBB,14.25,DI-361,202,9.4.2014
XGX,XW-,14.26,DI-361,202,9.4.2014
B-B,SG-,14.26,DI-361,202,9.4.2014
B-B,XX-,14.27,DI-361,202,9.4.2014
XGX,BBS,14.27,DI-361,202,9.4.2014
SXX,SSB,14.28,DI-361,202,9.4.2014
X-S,SG-,14.28,DI-361,202,9.4.2014
XGX,GB-,14.28,DI-361,202,9.4.2014
XGX,OS-,14.29,DI-361,202,9.4.2014
B-B,SWW,14.31,DI-361,202,9.4.2014
B-B,XOO,14.33,DI-361,202,9.4.2014
B-B, -XS,14.33,DI-361,202,9.4.2014
B-B,WSW,14.38,DI-361,202,9.4.2014
B--,GSG,14.5,DI-361,202,9.4.2014
B--, --Y,14.51,DI-361,202,9.4.2014
B--,W-W,14.52,DI-361,202,9.4.2014
B--,WWS,14.52,DI-361,202,9.4.2014
B--, -BY,14.53,DI-361,202,9.4.2014
B--,X-S,14.54,DI-361,202,9.4.2014
B--,SWS,14.55,DI-361,202,9.4.2014
B--,OXX,14.55,DI-361,202,9.4.2014
B--,WWW,14.56,DI-361,202,9.4.2014
W--,OXO,15,DI-361,202,9.4.2014
OXX,OSS,15.01,DI-361,202,9.4.2014
OXX,YXX,15.01,DI-361,202,9.4.2014
OXX,BBX,15.02,DI-361,202,9.4.2014
OXX,WXW,15.03,DI-361,202,9.4.2014
OXX,Y-X,15.03,DI-361,202,9.4.2014
OXX,B-S,15.05,DI-361,202,9.4.2014
OXX,SXS,15.06,DI-361,202,9.4.2014
OXX,SSY,15.06,DI-361,202,9.4.2014
OXX,B-Y,15.07,DI-361,202,9.4.2014
OXX, --X,15.09,DI-361,202,9.4.2014
OXX, -XG,15.1,DI-361,202,9.4.2014
SXX, -GG,15.3,DI-361,202,9.4.2014
SXX,GSG,15.31,DI-361,202,9.4.2014
SXX,B-B,15.31,DI-361,202,9.4.2014
SXX,YB-,15.32,DI-361,202,9.4.2014
B-B,S-X,8.05,DI-362,105,10.4.2014
B-B,BBX,8.1,DI-362,105,10.4.2014
S-X,YX-,8.1,DI-362,105,10.4.2014
B-B, -G-,8.11,DI-362,105,10.4.2014
S-X,BB-,8.11,DI-362,105,10.4.2014
B-B,X-Y,8.12,DI-362,105,10.4.2014
 -SX,YX-,8.12,DI-362,105,10.4.2014
XX-, -SS,8.13,DI-362,105,10.4.2014
XXB, -GX,8.14,DI-362,105,10.4.2014
XXB,XB-,8.14,DI-362,105,10.4.2014
S-X,GXX,8.15,DI-362,105,10.4.2014
SSS, --R,8.16,DI-362,105,10.4.2014
 -S-,XY-,8.16,DI-362,105,10.4.2014
S-X, -GG,8.16,DI-362,105,10.4.2014
S-X,XO-,8.17,DI-362,105,10.4.2014
SSS,WW-,8.17,DI-362,105,10.4.2014
B-B,YXX,8.17,DI-362,105,10.4.2014
B-B,Y--,8.17,DI-362,105,10.4.2014
SSS, -XX,8.17,DI-362,105,10.4.2014
 -S-, --X,8.17,DI-362,105,10.4.2014
XX-,X-G,8.17,DI-362,105,10.4.2014
SSS,XBB,8.18,DI-362,105,10.4.2014
 -S-,BX-,8.18,DI-362,105,10.4.2014
SSS,OO-,8.18,DI-362,105,10.4.2014
B-B,BBB,8.18,DI-362,105,10.4.2014
XXB,X-B,8.18,DI-362,105,10.4.2014
 -S-,SXS,8.18,DI-362,105,10.4.2014
XXB,SX-,8.19,DI-362,105,10.4.2014
B-B, --G,8.19,DI-362,105,10.4.2014
SSS,YXY,8.19,DI-362,105,10.4.2014
XXS,X-O,8.19,DI-362,105,10.4.2014
SSS, -XS,8.19,DI-362,105,10.4.2014
XXS,X-S,8.19,DI-362,105,10.4.2014
 -S-,BXX,8.19,DI-362,105,10.4.2014
SSS,Y-X,8.2,DI-362,105,10.4.2014
XXS,OX-,8.2,DI-362,105,10.4.2014
XS-,XYY,8.2,DI-362,105,10.4.2014
XG-,SX-,8.2,DI-362,105,10.4.2014
B-B, -O-,8.2,DI-362,105,10.4.2014
XXB,GG-,8.2,DI-362,105,10.4.2014
SSS, --Y,8.2,DI-362,105,10.4.2014
XXS,SS-,8.2,DI-362,105,10.4.2014
XXS,XOO,8.2,DI-362,105,10.4.2014
SSS,YYX,8.21,DI-362,105,10.4.2014
XXS,B-X,8.21,DI-362,105,10.4.2014
B-B,XSX,8.21,DI-362,105,10.4.2014
XXB,XOX,8.21,DI-362,105,10.4.2014
XXS,XXY,8.22,DI-362,105,10.4.2014
B-B,O--,8.22,DI-362,105,10.4.2014
XXB,GXX,8.22,DI-362,105,10.4.2014
XXS,XGG,8.22,DI-362,105,10.4.2014
B-B,Y-Y,8.22,DI-362,105,10.4.2014
 -SX,X-S,8.22,DI-362,105,10.4.2014
SSS,XBX,8.22,DI-362,105,10.4.2014
XXS,G-X,8.23,DI-362,105,10.4.2014
 -XX,GGG,8.23,DI-362,105,10.4.2014
B-B, -OO,8.23,DI-362,105,10.4.2014
B-B,XXG,8.23,DI-362,105,10.4.2014
YXX,YYY,8.23,DI-362,105,10.4.2014
XXS,W-W,8.23,DI-362,105,10.4.2014
 -SX,O--,8.23,DI-362,105,10.4.2014
XXS,WWW,8.23,DI-362,105,10.4.2014
B-B,XB-,8.24,DI-362,105,10.4.2014
XXS,OO-,8.24,DI-362,105,10.4.2014
 -SX,G--,8.24,DI-362,105,10.4.2014
XBX,XYX,8.24,DI-362,105,10.4.2014
XXB,XGX,8.24,DI-362,105,10.4.2014
XXS,G-G,8.24,DI-362,105,10.4.2014
XXS,XXO,8.25,DI-362,105,10.4.2014
 -SX, -BX,8.25,DI-362,105,10.4.2014
S-S, -XG,8.26,DI-362,105,10.4.2014
SSS, --O,8.27,DI-362,105,10.4.2014
S-S, -YX,8.27,DI-362,105,10.4.2014
XXS,B-B,8.27,DI-362,105,10.4.2014
XG-,BX-,8.27,DI-362,105,10.4.2014
S-S, -BB,8.27,DI-362,105,10.4.2014
S-S, -W-,8.27,DI-362,105,10.4.2014
XS-, --S,8.29,DI-362,105,10.4.2014
S-S,OO-,8.29,DI-362,105,10.4.2014
S-S,X--,8.29,DI-362,105,10.4.2014
XXS,YXX,8.29,DI-362,105,10.4.2014
S-S, -Y-,8.3,DI-362,105,10.4.2014
XS-,OOO,8.31,DI-362,105,10.4.2014
SSS,XB-,8.32,DI-362,105,10.4.2014
XXS,YXX,8.33,DI-362,105,10.4.2014
S-S, -XY,8.34,DI-362,105,10.4.2014
S-X, -B-,8.35,DI-362,105,10.4.2014
XXS,XGX,8.35,DI-362,105,10.4.2014
B-B,GXG,8.36,DI-362,105,10.4.2014
B--,SSX,8.36,DI-362,105,10.4.2014
B-B,XGX,8.37,DI-362,105,10.4.2014
S-S,W--,8.37,DI-362,105,10.4.2014
 --B,XB-,8.39,DI-362,105,10.4.2014
BX-, -S-,8.4,DI-362,105,10.4.2014
 --B,X-B,8.4,DI-362,105,10.4.2014
XXS,B-B,8.41,DI-362,105,10.4.2014
B--,XB-,8.47,DI-362,105,10.4.2014
B--, -X-,9.14,DI-362,105,10.4.2014
S-S,X-S,14.57,DI-364,110,16.4.2014
S-S,XXB,14.59,DI-364,110,16.4.2014
S-S, -XB,14.59,DI-364,110,16.4.2014
X-S,XXG,15.01,DI-364,110,16.4.2014
S-S,GX-,15.01,DI-364,110,16.4.2014
S-S,XSX,15.02,DI-364,110,16.4.2014
S-S,XX-,15.02,DI-364,110,16.4.2014
S-S, --S,15.03,DI-364,110,16.4.2014
S-S,GX-,15.03,DI-364,110,16.4.2014
XXB,W--,15.03,DI-364,110,16.4.2014
XXB,SS-,15.04,DI-364,110,16.4.2014
XXB,XO-,15.05,DI-364,110,16.4.2014
XXB,SS-,15.06,DI-364,110,16.4.2014
XXB,S-S,15.06,DI-364,110,16.4.2014
XXB,XXG,15.07,DI-364,110,16.4.2014
XXB,OOX,15.07,DI-364,110,16.4.2014
XXB,BX-,15.08,DI-364,110,16.4.2014
XX-,SSX,15.08,DI-364,110,16.4.2014
S-S,B--,15.13,DI-364,110,16.4.2014
XX-,G-X,15.15,DI-364,110,16.4.2014
XX-,GXX,15.16,DI-364,110,16.4.2014
S-S,W-W,15.18,DI-364,110,16.4.2014
X-B,XOX,15.19,DI-364,110,16.4.2014
S-S,OXX,15.21,DI-364,110,16.4.2014
X-B,XBB,15.22,DI-364,110,16.4.2014
S-S, --O,15.23,DI-364,110,16.4.2014
X-B,XXX,15.25,DI-364,110,16.4.2014
 --B,XGX,15.26,DI-364,110,16.4.2014
 --B, --R,15.26,DI-364,110,16.4.2014
 --B,G--,15.27,DI-364,110,16.4.2014
 --B,G-G,15.27,DI-364,110,16.4.2014
G--,XX-,15.28,DI-364,110,16.4.2014
 --B, -GX,15.28,DI-364,110,16.4.2014
 --B,OOO,15.29,DI-364,110,16.4.2014
 --B,YYY,15.3,DI-364,110,16.4.2014
S-S, -YX,15.3,DI-364,110,16.4.2014
 --B, --W,15.3,DI-364,110,16.4.2014
 --B, -XG,15.33,DI-364,110,16.4.2014
G--,B-X,15.34,DI-364,110,16.4.2014
 --B,YXX,15.34,DI-364,110,16.4.2014
S-S,X--,15.35,DI-364,110,16.4.2014
 --B,XG-,15.36,DI-364,110,16.4.2014
X-B, -SX,15.36,DI-364,110,16.4.2014
G--,Y-X,15.36,DI-364,110,16.4.2014
 --B,XXB,15.37,DI-364,110,16.4.2014
X-B,O-X,15.37,DI-364,110,16.4.2014
GG-,O--,15.38,DI-364,110,16.4.2014
S-S,XOO,15.38,DI-364,110,16.4.2014
 --B,S--,15.39,DI-364,110,16.4.2014
S-S,YX-,15.39,DI-364,110,16.4.2014
 --B,GGX,15.41,DI-364,110,16.4.2014
S--, -X-,15.42,DI-364,110,16.4.2014
S--,XS-,15.43,DI-364,110,16.4.2014
S-S,XSS,15.45,DI-364,110,16.4.2014
S-S, -XX,15.5,DI-364,110,16.4.2014
 --B, -OX,15.5,DI-364,110,16.4.2014
XS-,X-X,15.51,DI-364,110,16.4.2014
XS-,XX-,15.52,DI-364,110,16.4.2014
XS-, -W-,15.53,DI-364,110,16.4.2014
 --B,X-G,15.53,DI-364,110,16.4.2014
XX-,B--,15.55,DI-364,110,16.4.2014
XX-,SXS,15.56,DI-364,110,16.4.2014
GG-, -XO,15.56,DI-364,110,16.4.2014
GG-,WW-,15.56,DI-364,110,16.4.2014
 -XX,XXS,15.56,DI-364,110,16.4.2014
S-S,X-Y,16.11,DI-364,110,16.4.2014
S-S,BXX,16.12,DI-364,110,16.4.2014
S-S,YX-,16.18,DI-364,110,16.4.2014
S-S, --Y,16.18,DI-364,110,16.4.2014
S-S,OX-,16.19,DI-364,110,16.4.2014
S-S,OXO,16.2,DI-364,110,16.4.2014
S-S,XBX,16.2,DI-364,110,16.4.2014
S-S,XB-,16.21,DI-364,110,16.4.2014
XS-,OO-,16.31,DI-364,110,16.4.2014
XS-,BB-,16.32,DI-364,110,16.4.2014
 --Y,SXX,16.32,DI-364,110,16.4.2014
XS-, -O-,16.33,DI-364,110,16.4.2014
O-O,G-S,9.01,DI-368,156,23.4.2014
Y--,XXB,9.31,DI-368,156,23.4.2014
XSX,OOX,9.35,DI-368,156,23.4.2014
XSX,BBB,9.36,DI-368,156,23.4.2014
XSX,XYX,9.37,DI-368,156,23.4.2014
XSX, -OX,9.37,DI-368,156,23.4.2014
XSX,BXB,9.38,DI-368,156,23.4.2014
XSX,XXG,9.39,DI-368,156,23.4.2014
XSX,XG-,9.39,DI-368,156,23.4.2014
 -XX, -YX,9.4,DI-368,156,23.4.2014
G-G, -GG,9.41,DI-368,156,23.4.2014
O-O,S--,9.41,DI-368,156,23.4.2014
 --O,X-S,9.42,DI-368,156,23.4.2014
XSX,SY-,9.45,DI-368,156,23.4.2014
XSX,W-X,9.45,DI-368,156,23.4.2014
G-G,BBX,9.46,DI-368,156,23.4.2014
G-G,BSB,9.47,DI-368,156,23.4.2014
XSX ,GXX,9.48,DI-368,156,23.4.2014
 -XX,XXO,9.49,DI-368,156,23.4.2014
G-G,S-B,9.49,DI-368,156,23.4.2014
 -XX, -S-,9.49,DI-368,156,23.4.2014
G-G,YXX,9.5,DI-368,156,23.4.2014
 -XX,XW-,9.5,DI-368,156,23.4.2014
O-O,XBB,9.52,DI-368,156,23.4.2014
G-G, --X,9.52,DI-368,156,23.4.2014
XSX,X-O,9.52,DI-368,156,23.4.2014
XSX,SSS,9.54,DI-368,156,23.4.2014
 -XX, --R,9.54,DI-368,156,23.4.2014
XSX, -G-,9.55,DI-368,156,23.4.2014
O-O,BS-,9.56,DI-368,156,23.4.2014
O-O,Y-Y,9.57,DI-368,156,23.4.2014
XSX,OX-,9.57,DI-368,156,23.4.2014
O-O, -BX,9.58,DI-368,156,23.4.2014
XSX,S-Y,10.02,DI-368,156,23.4.2014
XSX, -GS,10.08,DI-368,156,23.4.2014
XSX,GXG,10.09,DI-368,156,23.4.2014
O-O,X-X,10.1,DI-368,156,23.4.2014
 -XX,BBX,10.1,DI-368,156,23.4.2014
XSX,XSS,10.11,DI-368,156,23.4.2014
XSX,SXX,10.14,DI-368,156,23.4.2014
 --S,XO-,10.16,DI-368,156,23.4.2014
 -XX, -B-,10.18,DI-368,156,23.4.2014
 --S,GX-,10.18,DI-368,156,23.4.2014
 --S, -XB,10.2,DI-368,156,23.4.2014
 --S, -XY,10.23,DI-368,156,23.4.2014
SSS,SSB,10.24,DI-368,156,23.4.2014
SSS,GGS,10.27,DI-368,156,23.4.2014
SSS,SYY,10.28,DI-368,156,23.4.2014
SSS,WXW,10.31,DI-368,156,23.4.2014
SSS,XBX,10.32,DI-368,156,23.4.2014
SSS,SY-,10.34,DI-368,156,23.4.2014
SSS,SSG,10.35,DI-368,156,23.4.2014
 --S, -SY,10.36,DI-368,156,23.4.2014
 --G,GSS,10.36,DI-368,156,23.4.2014
GG-,BX-,10.37,DI-368,156,23.4.2014
 --G, -YS,10.38,DI-368,156,23.4.2014
G-S,X-Y,10.4,DI-368,156,23.4.2014
G-S,SSY,10.44,DI-368,156,23.4.2014
 --G, -XO,10.44,DI-368,156,23.4.2014
 --G, -XS,10.48,DI-368,156,23.4.2014
G-S,SSX,10.48,DI-368,156,23.4.2014
 --G,S-G,10.49,DI-368,156,23.4.2014
 --S,GXG,10.5,DI-368,156,23.4.2014
G-S,YS-,10.51,DI-368,156,23.4.2014
G-S,Y--,10.52,DI-368,156,23.4.2014
 --S,SYS,10.53,DI-368,156,23.4.2014
GG-, -X-,10.58,DI-368,156,23.4.2014
GG-,B--,11.02,DI-368,156,23.4.2014
BBB,S-S,11.05,DI-368,156,23.4.2014
BBB, -XW,11.17,DI-368,156,23.4.2014
BBB,G--,11.27,DI-368,156,23.4.2014
 --G,XWX,13.52,DI-381,119,29.5.2014
 --G, -OO,13.54,DI-381,119,29.5.2014
 --G,XYX,13.54,DI-381,119,29.5.2014
 -O-,XXO,13.55,DI-381,119,29.5.2014
 --G,B--,13.55,DI-381,119,29.5.2014
 -O-, -XB,13.55,DI-381,119,29.5.2014
 -G-, -XS,13.56,DI-381,119,29.5.2014
 -O-,X-G,13.56,DI-381,119,29.5.2014
 -SS, -GG,13.56,DI-381,119,29.5.2014
 --G,BX-,13.56,DI-381,119,29.5.2014
 -G-,OXX,13.56,DI-381,119,29.5.2014
 -O-, -Y-,13.57,DI-381,119,29.5.2014
 -G-,GGG,13.57,DI-381,119,29.5.2014
 -SS,XWW,13.58,DI-381,119,29.5.2014
GG-, -YY,13.58,DI-381,119,29.5.2014
 -O-,YY-,13.59,DI-381,119,29.5.2014
 -O-,XOO,13.59,DI-381,119,29.5.2014
S-S, --B,14,DI-381,119,29.5.2014
 -GG, -S-,14.01,DI-381,119,29.5.2014
S-S,B-B,14.01,DI-381,119,29.5.2014
 -SS,WWW,14.02,DI-381,119,29.5.2014
 --G,X-X,14.02,DI-381,119,29.5.2014
 --G,Y--,14.03,DI-381,119,29.5.2014
S-S, -BX,14.04,DI-381,119,29.5.2014
 -SS, -GX,14.04,DI-381,119,29.5.2014
 -O-,GX-,14.04,DI-381,119,29.5.2014
S-S,GGG,14.04,DI-381,119,29.5.2014
 --X,YXX,14.05,DI-381,119,29.5.2014
B-B,B-X,14.05,DI-381,119,29.5.2014
 -SS, --O,14.06,DI-381,119,29.5.2014
S-S,YXY,14.06,DI-381,119,29.5.2014
B-B,GXX,14.06,DI-381,119,29.5.2014
YY-,GGX,14.06,DI-381,119,29.5.2014
YY-, -XO,14.08,DI-381,119,29.5.2014
 -O-,SSS,14.08,DI-381,119,29.5.2014
S-S, -XY,14.08,DI-381,119,29.5.2014
B-B,W-W,14.08,DI-381,119,29.5.2014
YY-,G-G,14.09,DI-381,119,29.5.2014
 -O-, -WW,14.09,DI-381,119,29.5.2014
B-B,OX-,14.09,DI-381,119,29.5.2014
 -SS,BBB,14.09,DI-381,119,29.5.2014
 --G,SXX,14.09,DI-381,119,29.5.2014
YY-,XSS,14.1,DI-381,119,29.5.2014
S-S,OXO,14.1,DI-381,119,29.5.2014
B-B, -WX,14.1,DI-381,119,29.5.2014
YY-,XB-,14.11,DI-381,119,29.5.2014
B--,X-O,14.11,DI-381,119,29.5.2014
 --G,XOX,14.11,DI-381,119,29.5.2014
B-B,SX-,14.11,DI-381,119,29.5.2014
S-S,XBB,14.12,DI-381,119,29.5.2014
 -SS, --W,14.12,DI-381,119,29.5.2014
YY-,O-O,14.12,DI-381,119,29.5.2014
B--,O-X,14.13,DI-381,119,29.5.2014
B-B, -W-,14.14,DI-381,119,29.5.2014
B--, -X-,14.15,DI-381,119,29.5.2014
YY-,W--,14.15,DI-381,119,29.5.2014
 --G,XXX,14.15,DI-381,119,29.5.2014
B-B,BXB,14.15,DI-381,119,29.5.2014
B--,XXW,14.16,DI-381,119,29.5.2014
 -SS,XYY,14.16,DI-381,119,29.5.2014
S-S,OOO,14.16,DI-381,119,29.5.2014
B--,X-B,14.17,DI-381,119,29.5.2014
S--, --R,14.18,DI-381,119,29.5.2014
YY-,G-X,14.18,DI-381,119,29.5.2014
B-B,XXY,14.18,DI-381,119,29.5.2014
 --G,XGG,14.18,DI-381,119,29.5.2014
 -XX,XW-,14.19,DI-381,119,29.5.2014
XY-,GXG,14.19,DI-381,119,29.5.2014
SSS, -OX,14.19,DI-381,119,29.5.2014
B-B,XG-,14.2,DI-381,119,29.5.2014
S-S,XXG,14.2,DI-381,119,29.5.2014
YY-,XS-,14.2,DI-381,119,29.5.2014
 -SS, -BB,14.2,DI-381,119,29.5.2014
 --G,W-X,14.21,DI-381,119,29.5.2014
S--, -SX,14.21,DI-381,119,29.5.2014
SSS,X-Y,14.21,DI-381,119,29.5.2014
 -G-,YX-,14.21,DI-381,119,29.5.2014
B-B,OOX,14.22,DI-381,119,29.5.2014
YY-,XXB,14.23,DI-381,119,29.5.2014
XY-,XXS,14.23,DI-381,119,29.5.2014
 --B,X-S,14.23,DI-381,119,29.5.2014
 -XX, -XG,14.24,DI-381,119,29.5.2014
YY-,XGX,14.24,DI-381,119,29.5.2014
B--, -GG,14.25,DI-381,119,29.5.2014
 --B,OO-,14.26,DI-381,119,29.5.2014
 -X-,O-O,11.4,DI-382,73,30.5.2014
 -X-,G--,11.42,DI-382,73,30.5.2014
 -X-,X-B,11.44,DI-382,73,30.5.2014
 -X-,OO-,11.48,DI-382,73,30.5.2014
 -X-, -Y-,11.5,DI-382,73,30.5.2014
 -X-,SSS,11.51,DI-382,73,30.5.2014
 -X-, -S-,11.54,DI-382,73,30.5.2014
 -X-, --O,11.56,DI-382,73,30.5.2014
 -X-,SS-,11.57,DI-382,73,30.5.2014
 -X-, -OO,11.57,DI-382,73,30.5.2014
 -X-,YY-,11.58,DI-382,73,30.5.2014
 -X-, --R,12.01,DI-382,73,30.5.2014
OOO,SXX,12.01,DI-382,73,30.5.2014
OOO,O--,12.02,DI-382,73,30.5.2014
OOO, -Y-,12.02,DI-382,73,30.5.2014
OOO,X-S,12.03,DI-382,73,30.5.2014
 -XS,XXS,12.04,DI-382,73,30.5.2014
OOO, --S,12.04,DI-382,73,30.5.2014
 -B-,W--,12.04,DI-382,73,30.5.2014
 -XS, -WW,12.05,DI-382,73,30.5.2014
 -X-,S-S,12.05,DI-382,73,30.5.2014
SX-,B-X,12.06,DI-382,73,30.5.2014
 -B-, --X,12.06,DI-382,73,30.5.2014
 -XS,WWW,12.06,DI-382,73,30.5.2014
 -B-,SSX,12.06,DI-382,73,30.5.2014
 -XS,XS-,12.06,DI-382,73,30.5.2014
 -XS, -XX,12.07,DI-382,73,30.5.2014
 -B-,SSS,12.07,DI-382,73,30.5.2014
 -Y-, -O-,12.07,DI-382,73,30.5.2014
 -XS, -G-,12.07,DI-382,73,30.5.2014
 -X-,W-W,12.07,DI-382,73,30.5.2014
 -SS,G-G,12.08,DI-382,73,30.5.2014
 -X-,S-X,12.08,DI-382,73,30.5.2014
 -Y-, -W-,12.08,DI-382,73,30.5.2014
 -XS,B--,12.09,DI-382,73,30.5.2014
 --S, --W,12.09,DI-382,73,30.5.2014
 -X-,Y--,12.09,DI-382,73,30.5.2014
 -XS,XXB,12.09,DI-382,73,30.5.2014
SX-,BBX,12.1,DI-382,73,30.5.2014
 -B-,XB-,12.1,DI-382,73,30.5.2014
 -XS, -XB,12.11,DI-382,73,30.5.2014
SX-, -BX,12.12,DI-382,73,30.5.2014
 -B-, -BB,12.12,DI-382,73,30.5.2014
 -Y-,BX-,12.13,DI-382,73,30.5.2014
 --B,X--,12.13,DI-382,73,30.5.2014
 -XS, -Y-,12.14,DI-382,73,30.5.2014
 --X,B-X,12.18,DI-382,73,30.5.2014
